-- phpMyAdmin SQL Dump
-- version 4.3.11
-- http://www.phpmyadmin.net
--
-- Servidor: 127.0.0.1
-- Tiempo de generación: 15-09-2016 a las 03:33:03
-- Versión del servidor: 5.6.24
-- Versión de PHP: 5.6.8

SET SQL_MODE = "NO_AUTO_VALUE_ON_ZERO";
SET time_zone = "+00:00";


/*!40101 SET @OLD_CHARACTER_SET_CLIENT=@@CHARACTER_SET_CLIENT */;
/*!40101 SET @OLD_CHARACTER_SET_RESULTS=@@CHARACTER_SET_RESULTS */;
/*!40101 SET @OLD_COLLATION_CONNECTION=@@COLLATION_CONNECTION */;
/*!40101 SET NAMES utf8 */;

--
-- Base de datos: `pssa`
--

-- --------------------------------------------------------

--
-- Estructura de tabla para la tabla `alt_sequence`
--

CREATE TABLE IF NOT EXISTS `alt_sequence` (
  `idalt_sequence` int(11) NOT NULL,
  `gene_idgene` int(11) NOT NULL,
  `country_idcountry` int(11) NOT NULL,
  `name` varchar(45) NOT NULL,
  `genotype` varchar(45) NOT NULL,
  `year` int(11) NOT NULL,
  `sequence` text NOT NULL
) ENGINE=InnoDB AUTO_INCREMENT=44 DEFAULT CHARSET=latin1;

--
-- Volcado de datos para la tabla `alt_sequence`
--

INSERT INTO `alt_sequence` (`idalt_sequence`, `gene_idgene`, `country_idcountry`, `name`, `genotype`, `year`, `sequence`) VALUES
(1, 1, 46, 'KT211035', 'Asian', 2015, 'TACGAACACGTAACAGTGATCCCGAACACGGTGGGAGTACCGTATAAGACTCTAGTCAACAGACCGGGCTACAGCCCCATGGTATTGGAGATGGAGCTTCTGTCTGTCACCTTGGAACCAACGCTATCGCTTGATTACATCACGTGCGAGTATAAAACCGTTATCCCGTCTCCGTACGTGAAATGCTGCGGTACAGCAGAGTGTAAGGACAAGAGCCTACCTGATTATAGCTGTAAGGTCTTCACCGGCGTCTACCCATTTATGTGGGGCGGCGCCTACTGCTTCTGCGACACCGAAAATACGCAATTGAGCGAAGCACATGTGGAGAAGTCCGAATCATGCAAAACAGAATTTGCATCAGCATACAGGGCTCATACCGCATCCGCATCAGCTAAGCTCCGCGTCCTTTACCAAGGAAATAATATCACTGTGGCTGCTTATGCAAACGGCGACCATGCCGTCACAGTTAAGGACGCTAAATTCATAGTGGGGCCAATGTCTTCAGCCTGGACACCTTTCGACAATAAAATCGTGGTGTACAAAGGCGACGTCTACAACATGGACTACCCGCCCTTCGGCGCAGGAAGACCAGGACAATTTGGCGACATCCAAAGTCGCACGCCTGAGAGCGAAGACGTCTATGCTAATACACAACTGGTACTGCAGAGACCGTCCGCGGGTACGGTGCACGTGCCGTACTCTCAGGCACCATCTGGCTTCAAGTATTGGCTAAAAGAACGAGGGGCGTCGCTGCAGCACACAGCACCATTTGGCTGTCAAATAGCAACAAACCCGGTAAGAGCGATGAACTGCGCCGTAGGGAACATGCCTATCTCCATCGACATACCGGACGCGGCCTTTACCAGGGTCGTCGACGCGCCATCTTTAACGGACATGTCGTGTGAGGTATCAGCCTGCACCCATTCCTCAGACTTTGGGGGCGTAGCCATCATTAAATATGCAGCCAGTAAGAAAGGCAAGTGTGCAGTGCACTCGATGACTAACGCCGTCACTATTCGGGAAGCTGAAATAGAAGTAGAAGGGAACTCTCAGTTGCAAATCTCTTTTTCGACGGCCCTAGCCAGCGCCGAATTTCGCGTACAAGTCTGTTCTACACAAGTACACTGTGCAGCCGAGTGCCATCCACCGAAAGACCATATAGTCAATTACCCGGCGTCACACACCACCCTCGGGGTCCAAGACATTTCCGCTACGGCGATGTCATGGGTGCAGAAGATCACGGGAGGTGTGGGACTGGTTGTCGCTGTTGCAGCACTGATCCTAATCGTGGTGCTATGCGTGTCGTTTAGCAGGCACTAA'),
(2, 1, 46, 'KT211049', 'Asian', 2015, 'TACGAACACGTAACAGTGATCCCGAACACGGTGGGAGTACCGTATAAGACTCTAGTCAACAGACCGGGCTACAGCCCCATGGTATTGGAGATGGAGCTTCTGTCTGTCACCTTGGAACCAACGCTATCGCTTGATTACATCACGTGCGAGTATAAAACCGTTATCCCGTCTCCGTACGTGAAATGCTGCGGTACAGCAGAGTGTAAGGACAAGAGCCTACCTGATTACAGCTGTAAGGTCTTCACCGGCGTCTACCCATTCATGTGGGGCGGCGCCTACTGCTTCTGCGACACCGAAAATACGCAATTGAGCGAAGCACATGTGGAGAAGTCCGAATCATGCAAAACAGAATTTGCATCAGCATACAGGGCTCATACCGCATCCGCATCAGCTAAGCTCCGCGTCCTTTACCAAGGAAATAATATCACTGTGGCTGCTTATGCAAACGGCGACCATGCCGTCACAGTTAAGGACGCTAAATTCATAGTGGGGCCAATGTCTTCAGCCTGGACACCTTTCGACAATAAAATCGTGGTGTACAAAGGCGACGTCTACAACATGGACTACCCGCCCTTCGGCGCAGGAAGACCAGGACAATTTGGCGACATCCAAAGTCGCACGCCTGAGAGCGAAGACGTCTATGCTAATACACAACTGGTACTGCAGAGACCGTCCGCGGGTACGGTGCACGTGCCGTACTCTCAGGCACCATCTGGCTTCAAGTATTGGCTAAAAGAACGAGGGGCGTCGCTGCAGCACACAGCACCATTTGGCTGTCAAATAGCAACAAACCCGGTAAGAGCGATGAACTGCGCCGTAGGGAACATGCCTATCTCCATCGACATACCGGACGCGGCCTTTACCAGGGTCGTCGACGCGCCATCTTTAACGGACATGTCGTGTGAGGTATCAGCCTGCACCCATTCCTCAGACTTTGGGGGCGTAGCCATCATTAAATATGCAGCCAGTAAGAAAGGCAAGTGTGCAGTGCACTCGATGACTAACGCCGTCACTATTCGGGAAGCTGAAATAGAAGTAGAAGGGAACTCTCAGTTGCAAATCTCTTTTTCGACGGCCCTAGCCAGCGCCGAATTTCGCGTACAAGTCTGTTCTACACAAGTACACTGTGCAGCCGAGTGCCATCCACCGAAAGACCATATAGTCAATTACCCGGCGTCACACACCACCCTCGGGGTCCAAGACATTTCCGCTACGGCGATGTCATGGGTGCAGAAGATCACGGGAGGTGTGGGACTGGTTGTCGCTGTTGCAGCACTGATCCTAATCGTGGTGCTATGCGTGTCGTTTAGCAGGCACTAA'),
(3, 1, 188, 'HM045784 ', 'Wester African', 2010, 'TACGAACACGTAACAGTGATCCCGAACACGGTGGGAGTACCGTATAAGACTCTAGTCAATAGACCGGGCTACAGTCCCATGGTATTGGAGATGGAACTACTGTCAGTCACTTTGGAGCCAACGCTATCGCTTGATTACATCACGTGCGAGTACAAAACCGTCATCCCGTCTCCGTACGTGAAATGCTGCGGTACAGCAGAGTGCAAGGACAAAAACCTACCTGACTACAGCTGTAAGGTCTTCACCGGCGTCTACCCATTTATGTGGGGCGGCGCCTACTGCTTCTGCGACGCTGAAAACACGCAATTGAGCGAAGCACATGTGGAGAAGTCCGAATCATGCAAAACAGAATTTGCATCAGCATACAGGGCTCATACCGCATCCGCATCAGCTAAGCTCCGCGTCCTTTACCAAGGAAATAACATCACTGTAACTGCCTATGCAAACGGCGACCATGCCGTCACAGTTAAGGACGCCAAATTCATTGTGGGGCCAATGTCTTCAGCCTGGACACCTTTCGACAATAAAATTGTGGTGTACAAAGGTGACGTCTATAACATGGACTACCCGCCCTTTGGCGCAGGAAGACCAGGACAATTTGGCGATATCCAAAGTCGCACACCTGAGAGTAAAGACGTCTACGCTAATACACAACTGGTACTGCAGAGACCGGCTGCGGGTACGGTACATGTGCCATACTCTCAGGCACCATCTGGCTTTAAGTATTGGCTAAAAGAACGAGGGGCGTCGCTGCAGCACACAGCACCATTTGGCTGCCAAATAGCAACAAACCCGGTAAGAGCGGTGAACTGCGCCGTAGGGAACATGCCCATCTCCATCGACATACCGGATGCGGCCTTCACTAGGGTCGTCGACGCGCCCTCTTTAACGGACATGTCGTGCGAGGTACCAGCCTGCACCCATTCCTCAGATTTCGGGGGCGTCGCCATTATTAAATATGCAGCCAGTAAGAAAGGCAAGTGTGCGGTGCATTCGATGACCAACGCCGTCACTATTCGGGAAGCTGAGATAGAAGTTGAAGGGAATTCCCAGCTGCAAATCTCTTTCTCGACGGCCTTAGCCAGCGCCGAATTCCGCGTACAAGTCTGTTCTACACAAGCACACTGTGCAGCCGAGTGCCACCCTCCGAAGGACCACATAGTCAATTACCCGGCGTCACATACCACCCTCGGGGTCCAGGACATTTCCGCCACGGCGATGTCATGGGTGCAGAAGATCACGGGAGGTGTGGGACTGGTTGTCGCTGTTGCAGCACTGATTCTAATCGTGGTGCTATGCGTGTCGTTTAGCAGGCACTAA'),
(4, 1, 40, 'HM045822', 'East-Central-South-African', 2010, 'TACGAACACGTAACAGTGATCCCGAACACGGTGGGAGTACCGTATAAGACTCTAGTCAATAGACCGGGCTACAGTCCCATGGTATTGGAGATGGAACTACTGTCAGTCACTTTGGAGCCAACGCTATCGCTTGATTACATCACGTGCGAGTACAAAACCGTCATCCCGTCTCCGTACGTGAAATGCTGCGGTACAGCAGAGTGCAAGGACAAAAACCTACCTGACTACAGCTGTAAGGTCTTCACCGGCGTCTACCCATTTATGTGGGGCGGCGCCTACTGCTTCTGCGACGCTGAAAACACGCAATTGAGCGAAGCACATGTGGAGAAGTCCGAATCATGCAAAACAGAATTTGCATCAGCATACAGGGCTCATACCGCATCCGCATCAGCTAAGCTCCGCGTCCTTTATCAAGGAAATAACATCACTGTAACTGCCTATGCAAACGGCGACCATGCCGTCACAGTTAAGGACGCCAAATTCATTGTGGGGCCAATGTCTTCAGCCTGGACGCCTTTCGACAACAAAATTGTGGTGTACAAAGGTGACGTCTATAACATGGACTACCCGCCCTTTGGCGCAGGAAGACCAGGACAATTTGGCGATATCCAAAGTCGCACACCTGAGAGTAAAGACGTCTATGCTAATACACAACTAGTACTGCAGAGACCGGCTGCGGGTACGGTACATGTGCCATACTCTCAGGCACCATCTGGCTTTAAGTATTGGCTGAAAGAACGAGGGGCGTCGCTGCAGCACACAGCACCATTTGGCTGCCAAATAGCAACAAACCCGGTAAGAGCGGTGAACTGCGCCGTAGGGAACATGCCCATCTCCATCGACATACCGGATGCGGCCTTCACTAGGGTCGTCGACGCGCCCTCTTTAACGGACATGTCGTGCGAGGTACCAGCCTGCACCCATTCCTCAGACTTCGGGGGCGTCGCCATTATTAAATATGCAGCCAGCAAGAAAGGCAAGTGTGCGGTGCATTCGATGACCAACGCCGTCACTATTCGGGAAGCTGAGATAGAAGTTGAAGGGAATTCTCAGCTGCAAATCTCTTTCTCGACTGCCTTAGCCAGCGCCGAATTCCGCGTACAAGTCTGTTCTACACAAGTACACTGTGCAGCCGAGTGCCACCCTCCGAAGGACCACATAGTCAACTACCCGGCGTCACATACCACCCTCGGGGTCCAGGACATTTCCGCTACGGCGATGTCATGGGTGCAGAAGATCACGGGAGGTGTGGGACTGGTTGTCGCTGTTGCAGCACTGATTCTAATCGTGGTGCTATGCGTGTCGTTCAGCAGGCACTAA'),
(5, 1, 107, 'AB455494', 'East-Central-South-African', 2006, 'TACGAACACGTAACAGTGATCCCGAACACGGTGGGAGTACCGTATAAGACTCTAGTCAATAGACCTGGCTACAGCCCCATGGTATTGGAGATGGAACTACTGTCAGTCACTTTGGAGCCAACACTATCGCTTGATTACATCACGTGCGAGTACAAAACCGTCATCCCGTCTCCGTACGTGAAGTGCTGCGGTACAGCAGAGTGCAAGGACAAAAACCTACCTGACTACAGCTGTAAGGTCTTCACCGGCGTCTACCCATTTATGTGGGGCGGCGCCTACTGCTTCTGCGACGCTGAAAACACGCAGTTGAGCGAAGCACATGTGGAGAAGTCCGAATCATGCAAAACAGAATTTGCATCAGCATACAGGGCTCATACCGCATCTGCATCAGCTAAGCTCCGCGTCCTTTACCAAGGAAACAACATCACTGTAACTGCCTATGCAAACGGCGACCATGCCGTCACAGTTAAGGACGCCAAATTCATTGTGGGGCCAATGTCTTCAGCCTGGACACCTTTCGACAACAAAATTGTGGTGTACAAAGGTGACGTCTATAACATGGACTACCCGCCCTTTGGCGCAGGAAGACCAGGACAATTTGGCGATATCCAAAGTCGCACACCTGAGAGTAAAGACGTCTATGCTAATACACAACTGGTACTGCAGAGACCGGCTGCGGGTACGGTACACGTGCCATACTCTCAGGCACCATCTGGCTTTAAGTATTGGCTAAAAGAACGCGGGGCGTCACTGCAGCACACAGCACCATTTGGCTGCCAAATAGCAACAAACCCGGTAAGAGCGGTGAACTGCGCCGTAGGGAACATGCCCATCTCCATCGACATACCGGAAGCGGCCTTCACTAGGGTCGTCGACGCGCCCTCTTTAACGGACATGTCGTGCGAGGTACCAGCCTGCACCCATTCCTCAGACTTTGGGGGCGTCGCCATTATTAAATATGCAGCCAGCAAGAAAGGCAAGTGTGCGGTGCATTCGATGACTAACGCCGTCACTATTCGGGAAGCTGAGATAGAAGTTGAAGGGAATTCTCAGCTGCAAATCTCTTTCTCGACGGCCTTAGCCAGCGCCGAATTCCGCGTACAAGTCTGTTCTACACAAGTACACTGTGCAGCTGAGTGCCACCCCCCGAAGGACCACATAGTCAACTACCCGGCGTCACATACCACCCTCGGGGTCCAGGACATCTCCGCTACGGCGATGTCATGGGTGCAGAAGATCACGGGAGGTGTGGGACTGGTTGTTGCTGTTGCCGCACTGATTCTAATCGTGGTGCTATGCGTGTCGTTCAGCAGGCACTAA'),
(6, 1, 43, 'GU199352', 'East-Central-South-African', 2008, 'TACGAACACGTAACAGTGATCCCGAACACGGTGGGAGTACCGTATAAGACTCTAGTCAATAGACCTGGCTACAGCCCCATGGTATTGGAGATGGAACTACTGTCAGTCACTTTGGAGCCAACACTATCGCTTGATTACATCACGTGCGAGTACAAAACCGTCATCCCGTCTCCGTACGTGAAGTGCTGCGGTACAGCAGAGTGCAAGGACAAAAACCTACCTGACTACAGCTGTAAGGTCTTCACCGGCGTCTACCCATTTATGTGGGGCGGCGCCTACTGCTTCTGCGACGCTGAAAATACGCAGTTGAGCGAAGCACATGTGGAGAAGTCCGAATCATGCAAAACAGAATTTGCATCAGCGTACAGGGCTCATACCGCATCTGCATCAGCTAAGCTCCGCGTCCTTTACCAAGGAAATAACATCACTGTAACTGCCTATGCAAACGGCGACCATGCCGTCACAGTTAAGGACGCCAAATTCATTGTGGGGCCAATGTCTTCAGCCTGGACACCTTTCGACAACAAAATTGTGGTGTACAAAGGTGACGTCTATAACATGGACTACCCGCCCTTTGGCGCAGGAAGACCAGGACAATTTGGCGATATCCAAAGTCGCACACCTGAGAGTAAAGACGTCTATGCTAATACACAACTGGTACTGCAGAGACCGGCTGTGGGTACGGTACACGTGCCATACTCTCAGGCACCATCTGGCTTTAAGTATTGGCTAAAAGAACGCGGGGCGTCACTGCAGCACACAGCACCATTTGGCTGCCAAATAGCAACAAACCCGGTAAGAGCGGTGAACTGCGCCGTAGGGAACATGCCCATCTCCATCGACATACCGGAAGCGGCCTTCACTAGGGTCGTCGACGCGCCCTCTTTAACGGACATGTCGTGCGAGGTACCAGCCTGCACCCATTCCTCAGACTTTGGGGGCGTCGTCATTATTAAATATGCAGCCAGCAAGAAAGGCAAGTGTGCGGTGCATTCGATGACTAACGCCGTCACTATTCGGGAAGCTGAGATAGAAGTTGAAGGGAATTCTCAGCTGCAAATCTCTTTCTCGACGGCCTTAGCCAGCGCCGAATTCCGCGTACAAGTCTGTTCTACACAAGTACACTGTGCAGCTGAGTGCCACCCCCCGAAGGACCACATAGTCAACTACCCGGCGTCACATACCACCCTCGGGGTCCAGGACATCTCCGCTACGGCGATGTCATGGGTGCAGAAGATCACGGGAGGTGTGGGACTGGTTGTTGCTGTTGCCGCACTGATTCTAATCGTGGTGCTATGCGTGTCGTTCAGCAGGCAC---'),
(7, 1, 213, 'GU301781 ', 'East-Central-South-African', 2009, 'TACGAACACGTAACAGTGATCCCGAACACGGTGGGAGTACCGTATAAGACTCTAGTCAATAGACCTGGCTACAGCCCCATGGTATTGGAGATGGAACTACTGTCAGTCACTTTGGAGCCAACACTATCGCTTGATTACATCACGTGCGAGTACAAAACCGTCATCCCGTCTCCGTACGTGAAGTGCTGCGGTACAGCAGAGTGCAAGGACAAAAACCTACCTGACTACAGCTGTAAGGTCTTCACCGGCGTCTACCCATTTATGTGGGGCGGCGCCTACTGCTTCTGCGACGCTGAAAATACGCAGTTGAGCGAAGCACATGTGGAGAAGTCCGAATCATGCAAAACAGAATTTGCATCAGCGTACAGGGCTCATACCGCATCTGCATCAGCTAAGCTCCGCGTCCTTTACCAAGGAAATAACATCACTGTAACTGCCTATGCAAACGGCGACCATGCCGTCACAGTTAAGGACGCCAAATTCATTGTGGGGCCAATGTCTTCAGCCTGGACACCTTTCGACAACAAAATTGTGGTGTACAAAGGTGACGTCTATAACATGGACTACCCGCCCTTTGGCGCAGGAAGACCAGGACAATTTGGCGATATCCAAAGTCGCACACCTGAGAGTAAAGACGTCTATGCTAATACACAACTGGTACTGCAGAGACCGGCTGTGGGTACGGTACACGTGCCATACTCTCAGGCACCATCTGGCTTTAAGTATTGGCTAAAAGAACGCGGGGCGTCACTGCAGCACACAGCACCATTTGGCTGCCAAATAGCAACAAACCCGGTAAGAGCGGTGAACTGCGCCGTAGGGAACATGCCCATCTCCATCGACATACCGGAAGCGGCCTTCACTAGGGTCGTCGACGCGCCCTCTTTAACGGACATGTCGTGCGAGGTACCAGCCTGCACCCATTCCTCAGACTTTGGGGGCGTCGCCATTATTAAATATGCAGCCAGCAAGAAAGGCAAGTGTGCGGTGCATTCGATGACTAACGCCGTCACTATTCGGGAAGCTGAGATAGAAGTTGAAGGGAATTCTCAGCTGCAAATCTCTTTCTCGACGGCCTTAGCCAGCGCCGAATTCCGCGTACAAGTCTGTTCTACACAAGTACACTGTGCAGCTGAGTGCCACCCCCCGAAGGACCACATAGTCAACTACCCGGCGTCACATACCACCCTCGGGGTCCAGGACATCTCCGCTACGGCGATGTCATGGGTGCAGAAGATCACGGGAGGTGTGGGACTGGTTGTTGCTGTTGCCGCACTGATTCTAATCGTGGTGCTATGCGTGTCGTTCAGCAGGCACTAA'),
(8, 1, 200, 'FJ445426', 'East-Central-South-African', 2008, 'TACGAACACGTAACAGTGATCCCGAACACGGTGGGAGTACCGTATAAGACTCTAGTCAATAGACCTGGCTACAGCCCCATGGTATTGGAGATGGAACTACTGTCGGTCACTTTGGAGCCAACACTATCGCTTGATTACATCACGTGCGAGTACAAAACCGTCATCCCGTCTCCGTACGTGAAGTGCTGCGGTACAGCAGAGTGCAAGGACAAAAACCTACCTGACTACAGCTGTAAGGTCTTCACCGGCGTCTACCCATTTATGTGGGGCGGCGCCTACTGCTTCTGCGACGCTGAAAACACGCAGTTGAGCGAAGCACATGTGGAGAGGTCCGAATCATGCAAAACAGAATTTGCATCAGCATACAGGGCTCATACCGCATCTGCATCAGCTAAGCTCCGCGTCCTTTACCAAGGAAATAACATCACTGTAACTGCCTATGCAAACGGCGACCATGCCGTCACAGTTAAGGACGCCAAATTCATTGTGGGGCCAATGTCTTCAGCCTGGACACCTTTCGACAACAAAATTGTGGTGTACAAAGGTGACGTCTATAACATGGACTACCCGCCCTTTGGCGCAGGAAGACCAGGACAATTTGGCGATATCCAAAGTCGCACACCTGAGAGTAACGACGTCTATGCTAATACACAGCTGGTACTGCAGAGACCGGCTGTGGGTACGGTACACGTGCCATACTCTCAGGCACCATCTGGCTTTAAGTATTGGCTAAAAGAACGCGGGGCGTCACTGCAGCACACAGCACCATTTGGCTGCCAAATAGCAACAAACCCGGTAAGAGCGATGAACTGCGCCGTAGGGAACATGCCCATCTCCATCGACATACCGGAAGCGGCCTTCACTAGGGTCGTCGACGCGCCCTCTTTAACGGACATGTCGTGCGAGGTACCAGCCTGCACCCATTCCTCAGACTTTGGGGGCGTCGCCATTATTAAATATGCAGCCAGCAAGAAAGGCAAGTGTGCGGTGCATTCGATGACTAACGCCGTCACTATTCGGGAAGCTGAGATAGAAGTTGAAGGGAATTCTCAGCTGCAAATCTCTTTCTCGACGGCCTTAGCCAGCGCCGAATTCCGCGTACAAGTCTGTTCTACACAAGTACACTGTGCAGCTGAGTGCCACCCCCCGAAGGACCACATAGTCAACTACCCGGCGTCACATACCACCCTCGGGGTCCAGGACATCTCCGCTACGGCGATGTCATGGGTGCAGAAGATCACGGGAGGTGTGGGACTGGTTGTTGCTGTTGCCGCACTGATTCTAATCGTGGTGCTATGCGTGTCGTTTAGCAGGCACTAA'),
(9, 1, 130, 'FN295485', 'Asian', 2008, 'TACGAACACGTAACAGTGATCCCGAACACGGTGGGAGTACCGTATAAGACTCTAGTCAATAGACCTGGCTACAGCCCCATGGTATTGGAGATGGAACTACTGTCAGTCACTTTGGAGCCAACACTATCGCTTGATTACATCACGTGCGAGTACAAAACCGTCATCCCGTCTCCGTACGTGAAGTGCTGCGGTACAGCAGAGTGCAAGGACAAAAACCTACCTGACTACAGCTGTAAGGTCTTCACCGGCGTCTACCCATTTATGTGGGGCGGCGCCTACTGCTTCTGCGACGCTGAAAACACGCAGTTGAGCGAAGCACATGTGGAGAAGTCCGAATCATGCAAAACAGAATTTGCATCAGCGTACAGGGCTCATACCGCATCTGCATCAGCTAAGCTCCGCGTCCTTTACCAAGGAAATAACATCACTGTAACTGCCTATGCAAACGGCGACCATGCCGTCACAGTTAAGGACGCCAAATTCATTGTGGGGCCAATGTCTTCAGCCTGGACACCTTTCGACAACAAAATTGTGGTGTACAAAGGTGACGTCTATAACATGGACTACCCGCCCTTTGGCGCAGGAAGACCAGGACAATTTGGCGATATCCAAAGTCGCACACCTGAGAGTAAAGACGTCTATGCTAATACACAACTGGTACTGCAGAGACCGGCTGTGGGTACGGTACACGTGCCATACTCTCAGGCACCATCTGGCTTTAAGTATTGGCTAAAAGAACGCGGGGCGTCACTGCAGCACACAGCACCATTTGGCTGCCAAATAGCAACAAACCCGGTAAGAGCGGTGAACTGCGCCGTAGGGAACATGCCCATCTCCATCGACATACCGGAAGCGGCCTTCACTAGGGTCGTCGACGCGCCCTCTTTAACGGACATGTCGTGCGAGGTACCAGCCTGCACCCATTCCTCAGACTTTGGGGGCGTCGCCATTATTAAATATGCAGCCAGCAAGAAAGGCAAGTGTGCGGTGCATTCGATGACTAACGCCGTCACTATTCGGGAAGCTGAGATAGAAGTTGAAGGGAATTCTCAGCTGCAAATCTCTTTCTCGACGGCCTTAGCCAGCGCCGAATTCCGCGTACAAGTCTGTTCTACACAAGTACACTGTGCAGCTGAGTGCCACCCCCCGAAGGACCACATAGTCAACTACCCGGCGTCACATACCACCCTCGGGGTCCAGGACATCTCCGCTACGGCGATGTCATGGGTGCAGAAGATCACGGGAGGTGTGGGACTGGTTGTTGCTGTTGCCGCACTGATTCTAATCGTGGTGCTATGCGTGTCGTTCAGCAGGCACTAA'),
(10, 1, 177, 'AM258993', 'East-Central-South-African', 2006, 'TACGAACACGTAACAGTGATCCCGAACACGGTGGGAGTACCGTATAAGACTCTAGTCAATAGACCTGGCTACAGCCCCATGGTATTGGAGATGGAACTACTGTCAGTCACTTTGGAGCCAACACTATCGCTTGATTACATCACGTGCGAGTACAAAACCGTCATCCCGTCTCCGTACGTGAAGTGCTGCGGTACAGCAGAGTGCAAGGACAAAAACCTACCTGACTACAGCTGTAAGGTCTTCACCGGCGTCTACCCATTTATGTGGGGCGGCGCCTACTGCTTCTGCGACGCTGAAAACACGCAGTTGAGCGAAGCACACGTGGAGAAGTCCGAATCATGCAAAACAGAATTTGCATCAGCATACAGGGCTCATACCGCATCTGCATCAGCTAAGCTCCGCGTCCTTTACCAAGGAAATAACATCACTGTAACTGCCTATGCAAACGGCGACCATGCCGTCACAGTTAAGGACGCCAAATTCATTGTGGGGCCAATGTCTTCAGCCTGGACACCTTTCGACAACAAAATTGTGGTGTACAAAGGTGACGTCTATAACATGGACTACCCGCCCTTTGGCGCAGGAAGACCAGGACAATTTGGCGATATCCAAAGTCGCACACCTGAGAGTAAAGACGTCTATGCTAATACACAACTGGTACTGCAGAGACCGGCTGTGGGTACGGTACACGTGCCATACTCTCAGGCACCATCTGGCTTTAAGTATTGGCTAAAAGAACGCGGGGCGTCGCTGCAGCACACAGCACCATTTGGCTGCCAAATAGCAACAAACCCGGTAAGAGCGGTGAACTGCGCCGTAGGGAACATGCCCATCTCCATCGACATACCGGAAGCGGCCTTCACTAGGGTCGTCGACGCGCCCTCTTTAACGGACATGTCGTGCGAGGTACCAGCCTGCACCCATTCCTCAGACTTTGGGGGCGTCGCCATTATTAAATATGCAGCCAGCAAGAAAGGCAAGTGTGCGGTGCATTCGATGACTAACGCCGTCACTATTCGGGAAGCTGAGATAGAAGTTGAAGGGAATTCTCAGCTGCAAATCTCTTTCTCGACGGCCTTAGCCAGCGCCGAATTCCGCGTACAAGTCTGTTCTACACAAGTACACTGTGCAGCCGAGTGCCACCCCCCGAAGGACCACATAGTCAACTACCCGGCGTCACATACCACCCTCGGGGTCCAGGACATCTCCGCTACGGCGATGTCATGGGTGCAGAAGATCACGGGAGGTGTGGGACTGGTTGTTGCTGTTGCCGCACTGATTCTAATCGTGGTGCTATGCGTGTCGTTCAGCAGGCACTAA'),
(11, 1, 137, 'EF012359', 'East-Central-South-African', 2006, 'TACGAACACGTAACAGTGATCCCGAACACGGTGGGAGTACCGTATAAGACTCTAGTCAATAGACCTGGCTACAGCCCCATGGTATTGGAGATGGAACTACTGTCAGTCACTTTGGAGCCAACACTATCGCTTGATTACATCACGTGCGAGTACAAAACCGTCATCCCGTCTCCGTACGTGAAGTGCTGCGGTACAGCAGAGTGCAAGGACAAAAACCTACCTGACTACAGCTGTAAGGTCTTCACCGGCGTCTACCCATTTATGTGGGGCGGCGCCTACTGCTTCTGCGACGCTGAAAACACGCAGTTGAGCGAAGCACACGTGGAGAAGTCCGAATCATGCAAAACAGAATTTGCATCAGCATACAGGGCTCATACCGCATCTGCATCAGCTAAGCTCCGCGTCCTTTACCAAGGAAATAACATCACTGTAACTGCCTATGCAAACGGCGACCATGCCGTCACAGTTAAGGACGCCAAATTCATTGTGGGGCCAATGTCTTCAGCCTGGACACCTTTCGACAACAAAATTGTGGTGTACAAAGGTGACGTCTATAACATGGACTACCCGCCCTTTGGCGCAGGAAGACCAGGACAATTTGGCGATATCCAAAGTCGCACACCTGAGAGTAAAGACGTCTATGCTAATACACAACTGGTACTGCAGAGACCGGCTGTGGGTACGGTACACGTGCCATACTCTCAGGCACCATCTGGCTTTAAGTATTGGCTAAAAGAACGCGGGGCGTCGCTGCAGCACACAGCACCATTTGGCTGCCAAATAGCAACAAACCCGGTAAGAGCGGTGAACTGCGCCGTAGGGAACATGCCCATCTCCATCGACATACCGGAAGCGGCCTTCACTAGGGTCGTCGACGCGCCCTCTTTAACGGACATGTCGTGCGAGGTACCAGCCTGCACCCATTCCTCAGACTTTGGGGGCGTCGCCATTATTAAATATGCAGCCAGCAAGAAAGGCAAGTGTGCGGTGCATTCGATGACTAACGCCGTCACTATTCGGGAAGCTGAGATAGAAGTTGAAGGGAATTCTCAGCTGCAAATCTCTTTCTCGACGGCCTTAGCCAGCGCCGAATTCCGCGTACAAGTCTGTTCTACACAAGTACACTGTGCAGCCGAGTGCCACCCCCCGAAGGACCACATAGTCAACTACCCGGCGTCACATACCACCCTCGGGGTCCAGGACATCTCCGCTACGGCGATGTCATGGGTGCAGAAGATCACGGGAGGTGTGGGACTGGTTGTCGCTGTTGCCGCACTGATTCTAATCGTGGTGCTATGCGTGTCGTTCAGCAGGCACTAA'),
(12, 1, 190, 'AM258991', 'East-Central-South-African', 2006, 'TACGAACACGTAACAGTGATCCCGAACACGGTGGGAGTACCGTATAAGACTCTAGTCAATAGACCTGGCTACAGCCCCATGGTATTGGAGATGGAACTACTGTCAGTCACTTTGGAGCCAACACTATCGCTTGATTACATCACGTGCGAGTACAAAACCGTCATCCCGTCTCCGTACGTGAAGTGCTGCGGTACAGCAGAGTGCAAGGACAAAAACCTACCTGACTACAGCTGTAAGGTCTTCACCGGCGTCTACCCATTTATGTGGGGCGGCGCCTACTGCTTCTGCGACGCTGAAAACACGCAGTTGAGCGAAGCACACGTGGAGAAGTCCGAATCATGCAAAACAGAATTTGCATCAGCATACAGGGCTCATACCGCATCTGCATCAGCTAAGCTCCGCGTCCTTTACCAAGGAAATAACATCACTGTAACTGCCTATGCAAACGGCGACCATGCCGTCACAGTTAAGGACGCCAAATTCATTGTGGGGCCAATGTCTTCAGCCTGGACACCTTTCGACAACAAAATTGTGGTGTACAAAGGTGACGTCTATAACATGGACTACCCGCCCTTTGGCGCAGGAAGACCAGGACAATTTGGCGATATCCAAAGTCGCACACCTGAGAGTAAAGACGTCTATGCTAATACACAACTGGTACTGCAGAGACCGGCTGCGGGTACGGTACACGTGCCATACTCTCAGGCACCATCTGGCTTTAAGTATTGGCTAAAAGAACGCGGGGCGTCGCTGCAGCACACAGCACCATTTGGCTGCCAAATAGCAACAAACCCGGTAAGAGCGGTGAACTGCGCCGTAGGGAACATGCCCATCTCCATCGACATACCGGAAGCGGCCTTCACTAGGGTCGTCGACGCGCCCTCTTTAACGGACATGTCGTGCGAGGTACCAGCCTGCACCCATTCCTCAGACTTTGGGGGCGTCGCCATTATTAAATATGCAGCCAGCAAGAAAGGCAAGTGTGCGGTGCATTCGATGACTAACGCCGTCACTATTCGGGAAGCTGAGATAGAAGTTGAAGGGAATTCTCAGCTGCAAATCTCTTTCTCGACGGCCTTAGCCAGCGCCGAATTCCGCGTACAAGTCTGTTCTACACAAGTACACTGTGCAGCCGAGTGCCACCCCCCGAAGGACCACATAGTCAACTACCCGGCGTCACATACCACCCTCGGGGTCCAGGACATCTCCGCTACGGCGATGTCATGGGTGCAGAAGATCACGGGAGGTGTGGGACTGGTTGTTGCTGTTGCCGCACTGATTCTAATCGTGGTGCTATGCGTATCGTTCAGCAGGCACTAA'),
(13, 1, 29, 'KP164568', 'East-Central-South-African', 2014, 'TACGAACACGTAACAGTGATCCCGAACACGGTGGGAGTACCGTATAAGACTCTAGTCAATAGACCGGGCTACAGTCCCATGGTATTGGAGATGGAACTACTGTCAGTCACTTTGGAGCCAACGCTATCGCTTGATTACATCACGTGCGAGTACAAAACCGTTATCCCGTCTCCGTACGTGAAATGCTGCGGTACAGCAGAGTGCAAGGACAAAAACCTACCTGACTACAGCTGTAAGGTCTTCACCGGCGTCTACCCATTTATGTGGGGCGGAGCCTACTGCTTCTGCGACGCTGAAAACACGCAATTGAGCGAAGCACACGTGGAGAAGTCCGAATCATGCAAAACAGAATTTGCATCAGCATACAGGGCTCATACCGCATCCGCATCAGCTAAGCTCCGCGTCCTTTACCAAGGAAATAACATCACTGTAACTGCCTATGCTAACGGCGACCATGCCGTCACAGTTAAGGACGCCAAATTCATTGTGGGGCCAATGTCTTCAGCCTGGACACCTTTCGACAACAAAATTGTGGTGTACAAAGGTGACGTCTATAACATGGACTACCCGCCCTTTGGCGCAGGAAGACCAGGACAATTTGGCGATATCCAAAGTCGCACACCTGAGAGTAAAGACGTCTATGCTAATACACAACTGGTACTGCAGAGACCGGCTGCGGGTACGGTACATGTGCCATACTCTCAGGCACCATCTGGCTTTAAGTATTGGCTAAAAGAACGAGGGGCGTCGCTGCAGCACACAGCACCATTTGGCTGCCAAATAGCAACAAACCCGGTAAGAGCGGTGAATTGCGCCGTAGGGAACATGCCCATCTCCATCGACATACCGGATGCGGCCTTCATTAGGGTCGTCGACGCGCCCTCTTTAACGGACATGTCGTGCGAGGTACCAGCCTGCACCCATTCCTCAGATTTCGGGGGCGTCGCCATTATTAAATATGCAGCCAGCAAGAAAGGCAAGTGTGCGGTGCATTCGATGACCAACGCCGTCACAATTCGGGAAGCTGAGATAGAAGTTGAAGGGAATTCTCAGCTGCAAATCTCTTTCTCGACGGCCTTGGCCAGCGCCGAATTCCGCGTACAAGTCTGTTCTACACAAGTACACTGTGTAGCCGAGTGCCACCCTCCGAAGGACCACATAGTCAATTACCCGGCGTCACATACCACCCTCGGGGTCCAGGACATTTCCGCTACGGCGCTGTCATGGGTGCAGAAGATCACGGGAGGCGTGGGACTGGTTGTCGCTGTTGCAGCACTGATTCTAATCGTGGTGCTATGCGTGTCGTTCAGCAGGCACTAA'),
(14, 1, 29, 'KP164570', 'East-Central-South-African', 2014, 'TACGAACACGTAACAGTGATCCCGAACACGGTGGGAGTACCGTATAAGACTCTAGTCAATAGACCGGGCTACAGTCCCATGGTATTGGAGATGGAACTACTGTCAGTCACTTTGGAGCCAACGCTATCGCTTGATTACATCACGTGCGAGTACAAAACCGTTATCCCGTCTCCGTACGTGAAATGCTGCGGTACAGCAGAGTGCAAGGACAAAAACCTACCTGACTACAGCTGTAAGGTCTTCACCGGCGTCTACCCATTTATGTGGGGCGGAGCCTACTGCTTCTGCGACGCTGAAAACACGCAATTGAGCGAAGCACACGTGGAGAAGTCCGAATCATGCAAAACAGAATTTGCATCAGCATACAGGGCTCATACCGCATCCGCATCAGCTAAGCTCCGCGTCCTTTACCAAGGAAATAACATCACTGTAACTGCCTATGCTAACGGCGACCATGCCGTCACAGTTAAGGACGCCAAATTCATTGTGGGGCCAATGTCTTCAGCCTGGACACCTTTCGACAACAAAATTGTGGTGTACAAAGGTGACGTCTATAACATGGACTACCCGCCCTTTGGCGCAGGAAGACCAGGACAATTTGGCGATATCCAAAGTCGCACACCTGAGAGTAAAGACGTCTATGCTAATACACAACTGGTACTGCAGAGACCGGCTGCGGGTACGGTACATGTGCCATACTCTCAGGCACCATCTGGCTTTAAGTATTGGCTAAAAGAACGAGGGGCGTCGCTGCAGCACACAGCACCATTTGGCTGCCAAATAGCAACAAACCCGGTAAGAGCGGTGAATTGCGCCGTAGGGAACATGCCCATCTCCATCGACATACCGGATGCGGCCTTCATTAGGGTCNTCGACGCGCCCTCTTTAACGGACATGTCGTGCGAGGTACCAGCCTGCACCCATTCCTCAGATTTCGGGGGCGTCGCCATTATTAAATATGCAGCCAGCAAGAAAGGCAAGTGTGCGGTGCATTCGATGACCAACGCCGTCACAATTCGGGAAGCTGAGATAGAAGTTGAAGGGAATTCTCAGCTGCAAATCTCTTTCTCGACGGCCTTGGCCAGCGCCGAATTCCGCGTACAAGTCTGTTCTACACAAGTACACTGTGTAGCCGAGTGCCACCCTCCGAAGGACCACATAGTCAATTACCCGGCGTCACATACCACCCTCGGGGTCCAGGACATTTCCGCTACGGCGCTGTCATGGGTGCAGAAGATCACGGGAGGCGTGGGACTGGTTGTCGCTGTTGCAGCACTGATTCTAATCGTGGTGCTATGCGTGTCGTTCAGCAGGCACTAA'),
(15, 1, 29, 'KP164569', 'East-Central-South-African', 2014, 'TACGAACACGTAACAGTGATCCCGAACACGGTGGGAGTACCGTATAAGACTCTAGTCAATAGACCGGGCTACAGTCCCATGGTATTGGAGATGGAACTACTGTCAGTCACTTTGGAGCCAACGCTATCGCTTGATTACATCACGTGCGAGTACAAAACCGTTATCCCGTCTCCGTACGTGAAATGCTGCGGTACAGCAGAGTGCAAGGACAAAAACCTACCTGACTACAGCTGTAAGGTCTTCACCGGCGTCTACCCATTTATGTGGGGCGGAGCCTACTGCTTCTGCGACGCTGAAAACACGCAATTGAGCGAAGCACACGTGGAGAAGTCCGAATCATGCAAAACAGAATTTGCATCAGCATACAGGGCTCATACCGCATCCGCATCAGCTAAGCTCCGCGTCCTTTACCAAGGAAATAACATCACTGTAACTGCCTATGCTAACGGCGACCATGCCGTCACAGTTAAGGACGCCAAATTCATTGTGGGGCCAATGTCTTCAGCCTGGACACCTTTCGACAACAAAATTGTGGTGTACAAAGGTGACGTCTATAACATGGACTACCCGCCCTTTGGCGCAGGAAGACCAGGACAATTTGGCGATATCCAAAGTCGCACACCTGAGAGTAAAGACGTCTATGCTAATACACAACTGGTACTGCAGAGACCGGCTGCGGGTACGGTACATGTGCCATACTCTCAGGCACCATCTGGCTTTAAGTATTGGCTAAAAGAACGAGGGGCGTCGCTGCAGCACACAGCACCATTTGGCTGCCAAATAGCAACAAACCCGGTAAGAGCGGTGAATTGCGCCGTAGGGAACATGCCCATCTCCATCGACATACCGGATGCGGCCTTCATTAGGGTCGTCGACGCGCCCTCTTTAACGGACATGTCGTGCGAGGTACCAGCCTGCACCCATTCCTCAGATTTCGGGGGCGTCGCCATTATTAAATATGCAGCCAGCAAGAAAGGCAAGTGTGCGGTGCATTCGATGACCAACGCCGTCACAATTCGGGAAGCTGAGATAGAAGTTGAAGGGAATTCTCAGCTGCAAATCTCTTTCTCGACGGCCTTGGCCAGCGCCGAATTCCGCGTACAAGTCTGTTCTACACAAGTACACTGTGTAGCCGAGTGCCACCCTCCGAAGGACCACATAGTCAATTACCCGGCGTCACATACCACCCTCGGGGTCCAGGACATTTCCGCTACGGCGCTGTCATGGGTGCAGAAGATCACGGGAGGCGTGGGACTGGTTGTCGCTGTTGCAGCACTGATTCTAATCGTGGTGCTATGCGTGTCGTTCAGCAGGCACTAA'),
(16, 1, 96, 'HM045813', 'Asian', 1963, 'TACGAACACGTAACAGTGATCCCGAACACGGTGGGAGTACCGTATAAGACTCTAGTCAACAGACCGGGCTACAGCCCCATGGTACTGGAGATGGAGCTTCTGTCAGTCACTTTGGAGCCAACTCTATCGCTTGATTACATCACGTGCGAGTATAAAACCGTCATCCCGTCTCCGTACGTGAAATGCTGCGGTACAGCAGAGTGCAAGGACAAGAGCCTACCTGATTACAGCTGTAAGGTCTTCACCGGCGTCTACCCATTCATGTGGGGCGGCGCCTACTGCTTCTGCGACACTGAAAATACGCAATTGAGCGAAGCACATGTGGAGAAGTCCGAATCATGCAAAACAGAATTTGCATCAGCATATAGGGCTCATACCGCATCCGCATCAGCTAAGCTCCGCGTCCTTTACCAAGGAAATAATGTTACTGTATCTGCCTATGCAAACGGCGACCATGCCGTCACAGTTAAGGACGCTAAATTCATTGTGGGGCCAATGTCTTCAGCCTGGACACCTTTCGACAATAAAATCGTGGTGTACAAAGGCGACGTCTACAACATGGACTACCCGCCCTTCGGCGCAGGAAGACCAGGACAATTTGGCGACATCCAAAGTCGCACGCCTGAGAGCGAAGACGTCTATGCTAACACACAACTGGTACTGCAGAGACCGTCCGCGGGTACGGTGCACGTGCCGTACTCTCAGGCACCATCTGGCTTCAAGTATTGGCTAAAAGAACGAGGGGCGTCGCTGCAGCACACAGCACCATTTGGCTGTCAAATAGCAACAAACCCGGTAAGAGCGATGAACTGCGCCGTAGGGAACATGCCTATCTCCATCGACATACCGGACGCGGCCTTCACTAGGGTCGTCGACGCGCCATCTTTAACGGACATGTCGTGTGAGGTACCAGCCTGCACCCATTCCTCAGACTTTGGGGGCGCAGCCATCATTAAATATGCAGCCAGCAAGAAAGGCAAGTGTGCGGTGCATTCGATGACTAACGCCGTCACTATTCGGGAAGCTGAAATAGAAGTAGAAGGGAACTCTCAGTTGCAAATCTCTTTTTCGACGGCCCTAGCCAGCGCCGAATTCCGCGTACAAGTCTGTTCTACACAAGTACACTGTGCAGCCGAGTGCCATCCACCGAAAGACCATATAGTCAATTACCCGGCGTCACACACCACCCTCGGGGTCCAAGACATTTCCGCTACGGCGATGTCATGGGTGCAGAAGATCACGGGAGGTGTGGGACTGGTTGTCGCTGTTGCAGCACTGATCCTAATCGTGGTGCTATGCGTGTCGTTTAGCAGGCACTAA'),
(17, 1, 96, 'EF027140', 'Asian', 2006, 'TACGAACACGTAACAGTGATCCCGAACACGGTGGGAGTACCGTATAAGACTCTAGTCAATAGACCGGGCTACAGCCCCATGGTACTGGAGATGGAGCTTCTGTCAGTCACTTTGGAGCCAACTCTATCGCTTGATTACATCACGTGCGAGTATAAAACCGTCATCCCGTCTCCGTACGTGAAATGCTGCGGTACAGCAGAGTGCAAGGACAAGAGCCTACCTGATTACAGCTGTAAGGTCTTCACCGGCGTCTACCCATTCATGTGGGGCGGCGCCTACTGCTTCTGCGACACTGAAAATACGCAATTGAGCGAAGCACATGTGGAGAAGTCCGAATCATGCAAAACAGAATTTGCATCAGCATATAGGGCTCATACCGCATCCGCATCAGCTAAGCTCCGCGTCCTTTACCAAGGAAATAATGTTACTGTATCTGCCTATGCAAACGGCGACCATGCCGTCACAGTTAAGGACGCTAAATTCATTGTGGGGCCAATGTCTTCAGCCTGGACACCTTTCGACAATAAAATCGTGGTGTACAAAGGCGACGTCTACAACATGGACTACCCGCCCTTCGGCGCAGGAAGACCAGGACAATTTGGCGACATCCAAAGTCGCACGCCTGAGAGCGAAGACGTCTATGCTAACACACAACTGGTACTGCAGAGACCGTCCGCGGGTACGGTGCACGTGCCGTACTCTCAGGCACCATCTGGCTTCAAGTATTGGCTAAAAGAACGAGGGGCGTCGCTGCAGCACACAGCACCATTTGGCTGTCAAATAGCAACAAACCCGGTAAGAGCGATGAACTGCGCCGTAGGGAACATGCCTATCTCCATCGACATACCGGACGCGGCCTTCACTAGGGTCGTCGACGCGCCATCTTTAACGGACATGTCGTGTGAGGTACCAGCCTGCACCCATTCCTCAGACTTTGGGGGCGCAGCCATCATTAAATATGCAGCCAGCAAGAAAGGCAAGTGTGCGGTGCATTCGATGACTAACGCCGTCACTATTCGGGAAGCTGAAATAGAAGTAGAAGGGAACTCTCAGTTGCAAATCTCTTTTTCGACGGCCCTAGCCAGCGCCGAATTCCGCGTACAAGTCTGTTCTACACAAGTACACTGTGCAGCCGAGTGCCATCCACCGAAAGACCATATAGTCAATTACCCGGCGTCACACACCACCCTCGGGGTCCAAGACATTTCCGCTACGGCGATGTCATGGGTGCAGAAGATCACGGGAGGTGTGGGACTGGTTGTCGCTGTTGCAGCACTGATCCTAATCGTGGTGCTATGCGTGTCGTTTAGCAGGCACTAA'),
(18, 1, 96, 'EF027141', 'Asian', 2006, 'TACGAACACGTAACAGTGATCCCGAACACGGTGGGAGTACCGTATAAGACTCTAGTCAACAGACCGGGCTACAGCCCCATGGTACTGGAGATGGAGCTTCTGTCAGTCACTTTGGAGCCAACTCTATCGCTTGATTACATCACGTGCGAGTATAAAACCGTCACCCCGTCTCCGTACGTGAAATGCTGCGGTACAGCAGAGTGCAAGGACAAGAGCCTACCTGATTACAGCTGTAAGGTCTTCACCGGCGTCTACCCATTCATGTGGGGCGGCGCCTACTGCTTCTGCGACACTGAAAATACGCAATTGAGCGAAGCACATGTGGAGAAGTCCGAATCATGCAAAACAGAATTTGCATCAGCATATAGGGCTCATACCGCATCCGCATCAGCTAAGCTCCGCGTCCTTTACCAAGGAAATAATGTTACTGTATCTGCCTATGCAAACGGCGACCATGCCGTCACAGTTAAGGACGCTAAATTCATTGTGGGGCCAATGTCTTCAGCCTGGACACCTTTCGACAATAAAATCGTGGTGTACAAAGGTGACGTCTACAACATGGACTACCCGCCCTTCGGCGCAGGAAGACCAGGACAATTTGGCGACATCCAAAGTCGCACGCCTGAGAGCGAAGACGTCTATGCTAACACACAACTGGTACTGCAGAGACCGTCCGCGGGTACGGTGCACGTGCCGTACTCTCAGGCACCATCTGGCTTCAAGTACTGGCTAAAAGAACGAGGGGCGTCGCTGCAGCACACAGCACCATTTGGCTGTCAAATAGCAACAAACCCGGTAAGAGCGATGAACTGCGCCGTAGGGAACATGCCTATCTCCATCGACATACCGGACGCGGCCTTCACTAGGGTCGTCGACGCGCCATCTTTAACGGACATGTCGTGTGAGGTACCAGCCTGCACCCATTCCTCAGACTTTGGGGGCGCAGCCATCATTAAATATGCAGCCAGCAAGAAAGGCAAGTGTGCGGTGCATTCGATGACTAACGCCGTCACTATTCGGGAAGCTGAAATAGAAGTAGAAGGGAACTCTCAGTTGCAAATCTCTTTTTCGACGGCCCTAGCCAGCGCCGAATTCCGCGTACAAGTCTGTTCTACACAAGTACACTGTGCAGCCGAGTGCCATCCACCGAAAGACCATATAGTCAATTACCCGGCGTCACACACCACCCTCGGGGTCCAAGACATTTCCGCTACGGCGATGTCATGGGTGCAGAAGATCACGGGAGGTGTGGGACTGGTTGTCGCTGTTGCAGCACTGATCCTAATCGTGGTGCTATGCGTGTCGTTTAGCAGGCACTAA'),
(19, 1, 171, 'HM045790', 'Asian', 1985, 'TACGAACACGTAACAGTGATCCCGAACACGGTGGGAGTACCGTATAAGACTCTAGTCAACAGACCGGGCTACAGCCCCATGGTACTGGAGATGGAGCTTCTGTCTGTCACTTTGGAGCCAACGCTATCGCTTGATTACATCACGTGCGAGTATAAAACCGTCATCCCGTCTCCGTACGTGAAATGCTGCGGTACAGCAGAGTGCAAGGACAAGAGCCTACCTGATTACAGCTGTAAGGTCTTCACCGGCGTCTACCCATTCATGTGGGGCGGCGCCTACTGCTTCTGCGACACTGAAAATACGCAATTGAGCGAAGCACATGTGGAGAAGTCCGAATCATGCAAAACAGAATTTGCATCAGCATACAGGGCCCATACCGCATCCGCATCAGCTAAGCTCCGCGTCCTTTACCAAGGAAATAATGTCACTGTATCTGCTTATGCAAACGGCGACCATGCCGTCACAGTTAAGGACGCTAAATTCATAGTGGGGCCAATGTCTTCAGCCTGGACACCTTTCGATAATAAAATCGTGGTGTACAAAGGCGACGTCTACAACATGGACTACCCGCCCTTCGGCGCAGGAAGACCAGGACAATTTGGCGACATCCAAAGTCGCACGCCTGAGAGCGAAGACGTCTATGCTAACACACAACTGGTACTGCAGAGACCGTCCGCGGGTACGGTGCACGTGCCGTACTCTCAGGCACCATCTGGCTTCAAGTATTGGCTAAAAGAACGAGGGGCGTCGCTGCAGCACACAGCACCATTTGGCTGTCAAATAGCAACAAACCCGGTAAGAGCGATGAACTGCGCCGTAGGGAACATGCCTATCTCCATCGACATACCGGACGCGGCCTTCACTAGGGTCGTCGACGCACCATCTTTAACGGACATGTCGTGTGAGGTACCAGCCTGCACCCATTCCTCAGACTTTGGGGGCGTAGCCATCATTAAATATGCAGCCAGCAAGAAAGGCAAGTGTGCAGTGCATTCGATGACTAACGCCGTCACTATTCGGGAAGCTGAAATAGAAGTAGAAGGGAACTCTCAGTTGCAAATCTCTTTTTCGACGGCCCTAGCCAGCGCCGAATTCCGCGTACAAGTCTGTTCTACACAAGTACACTGTGCAGCCGAGTGCCATCCACCGAAAGACCATATAGTCAATTACCCGGCGTCACACACCACCCCCGGGGTCCAAGACATTTCCGCTACGGCGATGTCATGGGTGCAGAAGATCACGGGAGGTGTGGGACTGGTTGTCGCTGTTGCAGCACTGATCCTAATCGTGGTGCTATGCGTGTCGTTTAGCAGGCACTAA'),
(20, 1, 234, 'KJ451624', 'Asian', 2014, 'TACGAACACGTAACAGTGATCCCGAACACGGTGGGAGTACCGTATAAGACTCTAGTCAACAGACCGGGCTACAGCCCCATGGTATTGGAGATGGAGCTTCTGTCTGTCACCTTGGAACCAACGCTATCGCTTGATTACATCACGTGCGAGTATAAAACCGTTATCCCGTCTCCGTACGTGAAATGCTGCGGTACAGCAGAGTGTAAGGACAAGAGCCTACCTGATTACAGCTGTAAGGTCTTCACCGGCGTCTACCCATTCATGTGGGGCGGCGCCTACTGCTTCTGCGACACCGAAAATACGCAATTGAGCGAAGCACATGTGGAGAAGTCCGAATCATGCAAAACAGAATTTGCATCAGCATACAGGGCTCATACCGCATCCGCATCAGCTAAGCTCCGCGTCCTTTACCAAGGAAATAATATCACTGTGGCTGCTTATGCAAACGGCGACCATGCCGTCACAGTTAAGGACGCTAAATTCATAGTGGGGCCAATGTCTTCAGCCTGGACACCTTTCGACAATAAAATCGTGGTGTACAAAGGCGACGTCTACAACATGGACTACCCGCCCTTCGGCGCAGGAAGACCAGGACAATTTGGCGACATCCAAAGTCGCACGCCTGAGAGCGAAGACGTCTATGCTAATACACAACTGGTACTGCAGAGACCGTCCGCGGGTACGGTGCACGTGCCGTACTCTCAGGCACCATCTGGCTTCAAGTATTGGCTAAAAGAACGAGGGGCGTCGCTGCAGCACACAGCACCATTTGGCTGTCAAATAGCAACAAACCCGGTAAGAGCGATGAACTGCGCCGTAGGGAACATGCCTATCTCCATCGACATACCGGACGCGGCCTTTACCAGGGTCGTCGACGCGCCATCTTTAACGGACATGTCGTGTGAGGTATCAGCCTGCACCCATTCCTCAGACTTTGGGGGCGTAGCCATCATTAAATATGCAGCCAGTAAGAAAGGCAAGTGTGCAGTGCACTCGATGACTAACGCCGTCACTATTCGGGAAGCTGAAATAGAAGTAGAAGGGAACTCTCAGTTGCAAATCTCTTTTTCGACGGCCCTAGCCAGCGCCGAATTTCGCGTACAAGTCTGTTCTACACAAGTACACTGTGCAGCCGAGTGCCATCCACCGAAAGACCATATAGTCAATTACCCGGCGTCACACACCACCCTCGGGGTCCAAGACATTTCCGCTACGGCGATGTCATGGGTGCAGAAGATCACGGGAGGTGTGGGACTGGTTGTCGCTGTTGCAGCACTGATCCTAATCGTGGTGCTATGCGTGTCGTTTAGCAGGCACTAA'),
(21, 1, 139, 'KP851709', 'Asian', 2014, 'TACGAACACGTAACAGTGATCCCGAACACGGTGGGAGTACCGTATAAGACTCTAGTCAACAGACCGGGCTACAGCCCCATGGTATTGGAGATGGAGCTTCTGTCTGTCACCTTGGAACCAACGCTATCGCTTGATTACATCACGTGCGAGTATAAAACCGTTATCCCGTCTCCGTACGTGAAATGCTGCGGTACAGCAGAGTGTAAGGACAAGAGCCTACCTGATTACAGCTGTAAGGTCTTCACCGGCGTCTACCCATTCATGTGGGGCGGCGCCTACTGCTTCTGCGACACCGAAAATACGCAATTGAGCGAAGCACATGTGGAGAAGTCCGAATCATGCAAAACNGAATTTGCATCAGCATACAGGGCTCATACCGCATCCGCATCAGCTAAGCTCCGCGTCCTTTACCAAGGAAATAATATCACTGTGGCTGCTTATGCAAACGGCGACCATGCCGTCACAGTTAAGGACGCTAAATTCATAGTGGGGCCAATGTCTTCAGCCTGGACACCTTTCGACAATAAAATCGTGGTGTACAAAGGCGACGTCTACAACATGGACTACCCGCCCTTCGGCGCAGGAAGACCAGGACAATTTGGCGACATCCAAAGTCGCACGCCTGAGAGCGAAGACGTCTATGCTAATACACAACTGGTACTGCAGAGACCGTCCGCGGGTACGGTGCACGTGCCGTACTCTCAGGCACCATCTGGCTTCAAGTATTGGCTAAAAGAACGAGGGGCGTCGCTGCAGCACACAGCACCATTTGGCTGTCAAATAGCAACAAACCCGGTAAGAGCGATGAACTGCGCCGTAGGGAACATGCCTATCTCCATCGACATACCGGACGCGGCCTTTACCAGGGTCGTCGACGCGCCATCTTTAACGGACATGTCGTGTGAGGTATCAGCCTGCACCCATTCCTCAGACTTTGGGGGCGTAGCCATCATTAAATATGCAGCCAGTAAGAAAGGCAAGTGTGCAGTGCACTCGATGACTAACGCCGTCACTATTCGGGAAGCTGAAATAGAAGTAGAAGGGAACTCTCAGTTGCAAATCTCTTTTTCGACGGCCCTAGCCAGCGCCGAATTTCGCGTACAAGTCTGTTCTACACAAGTACACTGTGCAGCCGAGTGCCATCCACCGAAAGACCATATAGTCAATTACCCGGCGTCACACACCACCCTCGGGGTCCAAGACATTTCCGCTACGGCGATGTCATGGGTGCAGAAGATCACGGGAGGTGTGGGACTGGTTGTCGCTGTTGCAGCACTGATCCTAATCGTGGTGCTATGCGTGTCGTTTAGCAGGCACTAA'),
(22, 1, 140, 'KJ451622', 'Asian', 2013, 'TACGAACACGTAACAGTGATCCCGAACACGGTGGGAGTACCGTATAAGACTCTAGTCAACAGACCGGGCTACAGCCCCATGGTATTGGAGATGGAGCTTCTGTCTGTCACCTTGGAACCAACGCTATCGCTTGATTACATCACGTGCGAGTATAAAACCGTTATCCCGTCTCCGTACGTGAAATGCTGCGGTACAGCAGAGTGTAAGGACAAGAGCCTACCTGATTACAGCTGTAAGGTCTTCACCGGCGTCTACCCATTCATGTGGGGCGGCGCCTACTGCTTCTGCGACACCGAAAATACGCAATTGAGCGAAGCACATGTGGAGAAGTCCGAATCATGCAAAACAGAATTTGCATCAGCATACAGGGCTCATACCGCATCCGCATCAGCTAAGCTCCGCGTCCTTTACCAAGGAAATAATATCACTGTAGCTGCTTATGCAAACGGCGACCATGCCGTCACAGTTAAGGACGCTAAATTCATAGTGGGGCCAATGTCTTCAGCCTGGACACCTTTCGACAATAAAATCGTGGTGTACAAAGGCGACGTCTACAACATGGACTACCCGCCCTTCGGCGCAGGAAGACCAGGACAATTTGGCGACATCCAAAGTCGCACGCCTGAGAGCGAAGACGTCTATGCTAATACACAACTGGTACTGCAGAGACCGTCCGCGGGTACGGTGCACGTGCCGTACTCTCAGGCACCATCTGGCTTCAAGTATTGGCTAAAAGAACGAGGGGCGTCGCTGCAGCACACAGCACCATTTGGCTGTCAAATAGCAACAAACCCGGTAAGAGCGATGAACTGCGCCGTAGGGAACATGCCTATCTCCATCGACATACCGGACGCGGCCTTTACCAGGGTCGTCGACGCGCCATCTTTAACGGACATGTCGTGTGAGGTATCAGCCTGCACCCATTCCTCAGACTTTGGGGGCGTAGCCATCATTAAATATGCAGCCAGTAAGAAAGGCAAGTGTGCAGTGCACTCGATGACTAACGCCGTCACTATTCGGGAAGCTGAAATAGAAGTAGAAGGGAACTCTCAGTTGCAAATCTCTTTTTCGACGGCCCTAGCCAGCGCCGAATTTCGCGTACAAGTCTGTTCTACACAAGTACACTGTGCAGCCGAGTGCCATCCACCGAAAGACCATATAGTCAATTACCCGGCGTCACACACCACCCTCGGGGTCCAAGACATTTCCGCTACGGCGATGTCATGGGTGCAGAAGATCACGGGAGGTGTGGGACTGGTTGTCGCTGTTGCAGCACTGATCCTAATCGTGGTGCTATGCGTGTCGTTTAGCAGGCACTAA'),
(23, 1, 43, 'KF318729', 'Asian', 2012, 'TACGAACACGTAACAGTGATCCCGAACACGGTGGGAGTACCGTATAAGACTCTAGTCAACAGACCGGGCTACAGCCCCATGGTATTGGAGATGGAGCTTCTGTCTGTCACCTTGGAACCAACGCTATCGCTTGATTACATCACGTGCGAGTATAAAACCGTTATCCCGTCTCCGTACGTGAAATGCTGCGGTACAGCAGAGTGTAAGGACAAGAGCCTACCTGATTACAGCTGTAAGGTCTTCACCGGCGTCTACCCATTCATGTGGGGCGGCGCCTACTGCTTCTGCGACACCGAAAATACGCAATTGAGCGAAGCACATGTGGAGAAGTCCGAATCATGCAAAACAGAATTTGCATCAGCATACAGGGCTCATACCGCATCCGCGTCAGCTAAGCTCCGCGTCCTTTACCAAGGAAATAATATCACTGTAGCTGCTTATGCAAACGGCGACCATGCCGTCACAGTTAAGGACGCTAAATTCATAGTGGGGCCAATGTCTTCAGCCTGGACACCTTTCGACAATAAAATCGTGGTGTACAAAGGCGACGTCTACAACATGGACTACCCGCCCTTCGGCGCAGGAAGACCAGGACAATTTGGCGACATCCAAAGTCGCACGCCTGAGAGCGAAGACGTCTATGCTAATACACAACTGGTACTGCAGAGACCGTCCGCGGGTACGGTGCACGTGCCGTACTCTCAGGCACCATCTGGCTTCAAGTATTGGCTAAAAGAACGAGGGGCGTCGCTGCAGCACACAGCACCATTTGGCTGTCAAATAGCAACAAACCCGGTAAGAGCGATGAACTGCGCCGTAGGGAACATGCCTATCTCCATCGACATACCGGACGCGGCCTTTACCAGGGTCGTCGACGCGCCATCTTTAACGGACATGTCGTGTGAGGTATCAGCCTGCACCCATTCCTCAGACTTTGGGGGCGTAGCCATCATTAAATATGCAGCCAGTAAGAAAGGCAAGTGTGCAGTGCACTCGATGACTAACGCCGTCACTATTCGGGAAGCTGAAATAGAAGTAGAAGGGAACTCTCAGTTGCAAATCTCTTTTTCGACGGCCCTAGCCAGCGCCGAATTTCGCGTACAAGTCTGTTCTACACAAGTACACTGTGCAGCCGAGTGCCATCCACCGAAAGACCATATAGTCAATTACCCGGCGTCACACACCACCCTCGGGGTCCAAGACATTTCCGCTACGGCGATGTCATGGGTGCAGAAGATCACGGGAGGTGTGGGACTGGTTGTCGCTGTTGCAGCACTGATCCTAATCGTGGTGCTATGCGTGTCGTTTAGCAGGCACTAA'),
(24, 1, 171, 'AB860301', 'Asian', 2013, 'TACGAACACGTAACAGTGATCCCGAACACGGTGGGAGTACCGTATAAGACTCTAGTCAACAGACCGGGCTACAGCCCCATGGTATTGGAGATGGAGCTTCTGTCTGTCACCTTGGAACCAACGCTATCGCTTGATTACATCACGTGCGAGTATAAAACCGTTATCCCGTCTCCGTACGTGAAATGCTGCGGTACAGCAGAGTGTAAGGACAAGAGCCTACCTGATTACAGCTGTAAGGTCTTCACCGGCGTCTACCCATTCATGTGGGGCGGCGCCTACTGCTTCTGCGACACCGAAAATACGCAACTGAGCGAAGCACATGTGGAGAAGTCCGAATCATGCAAAACAGAATTTGCATCAGCATACAGGGCTCATACCGCATCCGCATCAGCTAAGCTCCGCGTCCTTTACCAAGGAAATAATATCACTGTAGCTGCTTATGCAAACGGCGACCATGCCGTCACAGTTAAGGACGCTAAATTCATAGTGGGGCCAATGTCTTCAGCCTGGACACCTTTCGACAATAAAATCGTGGTGTACAAAGGCGACGTCTACAACATGGACTACCCGCCCTTCGGCGCAGGAAGACCAGGACAATTTGGCGACATCCAAAGTCGCACGCCTGAGAGCGAAGACGTCTATGCTAATACACAACTGGTACTGCAGAGACCGTCCGCGGGTACGGTGCACGTGCCGTACTCTCAGGCACCATCTGGCTTCAAGTATTGGCTAAAAGAACGAGGGGCGTCGCTGCAGCACACAGCACCATTTGGCTGTCAAATAGCAACAAACCCGGTAAGAGCGATGAACTGCGCCGTAGGGAACATGCCTATCTCCATCGACATACCGGACGCGGCCTTTACTAGGGTCGTCGACGCGCCATCTTTAACGGACATGTCGTGTGAGGTATCAGCCTGCACCCATTCCTCAGACTTTGGGGGCGTAGCCATCATTAAATATGCAGCCAGTAAGAAAGGCAAGTGTGCAGTGCACTCGATGACTAACGCCGTCACTATTCGGGAAGCTGAAATAGAAGTAGAAGGGAACTCTCAGTTGCAAATCTCTTTTTCGACGGCCCTAGCCAGCGCCGAATTTCGCGTACAAGTCTGTTCTACACAAGTACACTGTGCAGCCGAGTGCCATCCACCGAAAGACCATATAGTCAATTACCCGGCGTCACACACCACCCTCGGGGTCCAAGACATTTCCGCTACGGCGATGTCATGGGTGCAGAAGATCACGGGAGGTATGGGACTGGTTGTCGCTGTTGCAGCACTGATCCTAATCGTGGTGCTATGCGTGTCGTTTAGCAGGCACTAA'),
(25, 1, 210, 'FJ807897', 'Asian', 2007, 'TACGAACACGTAACAGTGATCCCGAACACGGTGGGAGTACCGTATAAGACTCTAGTCAACAGACCGGGCTACAGCCCCATGGCACTGGAGATGGAGCTTCTGTCTGTCACCTTGGAACCAACGCTATCGCTTGATTACATCACGTGCGAGTATAAAACCGTTATCCCGTCTCCGTACGTGAAATGCTGCGGTACAGCAGAGTGTAAGGACAAGAGCCTACCTGATTACAGCTGTAAGGTCTTCACCGGCGTCTACCCATTCATGTGGGGCGGCGCCTACTGCTTCTGCGACACCGAAAATACGCAATTGAGCGAAGCACATGTGGAGAAGTCCGAATCATGCAAAACAGAATTTGCATCAGCATACAGGGCTCATACCGCATCCGCATCAGCTAAGCTCCGCGTCCTTTACCAAGGAAGTAATATCACTGTTGCTGCTTATGCAAACGGCGACCATGCCGTCACAGTTAAGGACGCTAAATTCATAGTGGGGCCAATGTCTTCAGCCTGGACACCTTTCGACAATAAAATCGTGGTGTACAAAGGCGACGTCTACAACATGGACTACCCGCCCTTCGGCGCAGGAAGACCAGGACAATTTGGCGACATCCAAAGTCGCACGCCTGAGAGCGAAGACGTCTATGCTAATACACAACTGGTACTGCAGAGACCGTCCGCGGGTACGGTGCACGTGCCGTACTCTCAGGCACCATCTGGCTTCAAGTATTGGCTAAAAGAACGAGGGGCGTCGCTGCAGCACACAGCACCATTTGGCTGTCAAATAGCAACAAACCCGGTAAGAGCGATGAACTGCGCCGTAGGGAACATGCCTATCTCCATCGACATACCGGACGCGGCCTTTACCAGGGTCGTCGACGCGCCATCTTTAACGGACATGTCGTGTGAGGTATCAGCCTGCACCCATTCCTCAGACTTTGGGGGCGTTGCCATCATTAAATATGCAGCCAGTAAGAAAGGCAAGTGTGCAGTGCACTCGATGACTAACGCCGTCACTATTCGGGAAGCTGAAATAGAAGTAGAAGGGAACTCTCAGTTGCAAATCTCTTTTTCGACGGCCCTAGCCAGCGCCGAATTCCGCGTACAAGTCTGTTCTACACAAGTACACTGTGCAGCCGAGTGCCATCCACCGAAAGACCATATAGTCAATTACCCGGCGTCACACACCACCCCCGGGGTCCAAGACATTTCCGCTACGGCGATGTCATGGGTGCAGAAGATCACGGGAGGTGTGGGACTGGTTGTCGCTGTTGCAGCACTGATCCTAATCGTGGTGCTATGCGTGTCGTTTAGCAGGCACTAA'),
(26, 1, 130, 'FN295483', 'Asian', 2006, 'TACGAACACGTAACAGTGATCCCGAACACGGTGGGAGTACCGTATAAGACTCTAGTCAACAGACCGGGCTACAGCCCCATGGTACTGGAGATGGAGCTTCTGTCTGTCACCTTGGAACCAACGCTATCGCTTGATTACATCACGTGCGAGTATAAAACCGTTATCCCGTCTCCGTACGTGAAATGCTGCGGTACAGCAGAGTGTAAGGACAAGAGCCTACCTGATTACAGCTGTAAGGTCTTCACCGGCGTCTACCCATTCATGTGGGGCGGCGCCTACTGCTTCTGCGACACCGAAAATACGCAATTGAGCGAAGCACATGTGGAGAAGTCCGAATCATGCAAAACAGAATTTGCATCAGCATACAGGGCTCATACCGCATCCGCATCAGCTAAGCTCCGCGTCCTTTACCAAGGAAATAATATCACTGTAGCTGCTTATGCAAACGGCGACCATGCCGTCACAGTTAAGGACGCCAAATTCATAGTGGGGCCAATGTCTTCAGCCTGGACACCTTTCGACAATAAAATCGTGGTGTACAAAGGCGACGTCTACAACATGGACTACCCGCCCTTCGGCGCAGGAAGACCAGGACAATTTGGCGACATCCAAAGTCGCACGCCTGAGAGCGAAGACGTCTATGCTAATACACAACTGGTACTGCAGAGACCGTCCGCGGGTACGGTGCACGTGCCGTACTCTCAGGCACCATCTGGCTTCAAGTATTGGCTAAAAGAACGAGGGGCGTCGCTACAGCACACAGCACCATTTGGCTGTCAAATAGCAACAAACCCGGTAAGAGCGATGAACTGCGCCGTAGGGAACATGCCTATCTCCATCGACATACCGGACGCGGCCTTTACCAGGGTCGTCGACGCGCCATCTTTAACGGACATGTCGTGTGAGGTATCAGCCTGCACCCATTCCTCAGACTTTGGGGGCGTAGCCATCATTAAATATGCAGCCAGTAAGAAAGGCAAGTGTGCAGTGCACTCGATGACTAACGCCGTCACTATTCGGGAAGCTGAAATAGAAGTGGAAGGGAACTCTCAGTTGCAAATCTCTTTTTCGACGGCCCTAGCCAGCGCCGAATTCCGCGTACAAGTCTGTTCTACACAAGTACACTGTGCAGCCGAGTGCCATCCACCGAAAGACCATATAGTCAATTACCCGGCGTCACACACCACCCCCGGGGTCCAAGACATTTCCGCTACGGCGATGTCATGGGTGCAGAAGATCACGGGAGGTGTGGGACTGGTTGTCGCTGTTGCAGCACTGATCCTAATCGTGGTGCTATGCGTGTCGTTTAGCAGGCACTAA'),
(27, 1, 154, 'HE806461', 'Asian', 2011, 'TACGAACACGTAACAGTGATCCCGAACACGGTGGGAGTACCGTATAAGACTCTAGTCAACAGACCGGGCTACAGCCCCATGGTACTGGAGATGGAGCTTCTGTCTGTCACCTTGGAACCGACGCTATCGCTTGATTACATCACGTGCGAGTATAAAACCGTTATCCCGTCTCCGTACGTGAAATGCTGCGGTACGGCAGAGTGTAAGGACAAGAGCCTACCTGATTACAGCTGTAAGGTCTTCACCGGCGTCTACCCATTCATGTGGGGCGGCGCCTACTGCTTCTGCGACACCGAGAATACGCAATTGAGCGAAGCACATGTGGAGAAGTCCGAATCATGCAAAACAGAATTTGCATCAGCATATAGGGCTCATACCGCATCCGCATCAGCTAAGCTCCGCGTCCTTTACCAAGGAAATAATATCACTGTAGCTGCTTATGCAAACGGCGACCATGCCGTCACAGTTAAGGACGCTAAATTCATAGTGGGGCCAATGTCTTCAGCCTGGACACCTTTCGACAATAAAATCGTGGTGTACAAAGGCGACGTCTACAACATGGACTACCCGCCCTTCGGCGCAGGAAGACCAGGACAATTTGGCGACATCCAAAGTCGCACGCCTGAGAGCGAAGACGTCTATGCTAATACACAACTGGTACTGCAGAGACCGTCCGCGGGTACGGTGCACGTGCCGTACTCTCAGGCACCATCTGGCTTCAAGTATTGGCTAAAAGAACGAGGGGCGTCGCTGCAGCATACAGCACCATTTGGCTGTCAAATAGCAACAAACCCGGTAAGAGCGATGAACTGCGCCGTAGGGAACATGCCTATCTCCATCGACATACCGGACGCGGCCTTTACCAGGGTCGTCGACGCGCCATCTTTAACGGATATGTCGTGTGAGGTATCAGCCTGCACCCATTCCTCAGACTTTGGGGGCGTAGCCATCATTAAATATGCAGCCAGTAAGAAAGGCAAGTGTGCAGTGCATTCGATGACTAACGCCGTCACTATTCGGGAAGCTGAAATAGAAGTAGAAGGGAACTCTCAGTTGCAAATCTCTTTTTCGACGGCCCTAGCCAGCGCCGAATTCCGCGTACAAGTCTGTTCTACACAAGTACACTGTGCAGCCGAGTGCCATCCACCGAAAGACCATATAGTCAATTACCCGGCGTCACACACCACCCCCGGGGTCCAAGACATTTCCGCTACGGCGATGTCATGGGTGCAGAAGATCACGGGAGGTGTGGGACTGGTTGTCGCTGTTGCAGCACTGATCCTAATCGTGGTGCTATGCGTGTCGTTTAGCAGGCACTAA'),
(28, 1, 188, 'AY726732', 'Wester African', 1983, 'TACGAACACGTAACAGTGATCCCGAACACGGTGGGAGTACCGTATAAGACTCTTGTCAACAGACCGGGTTACAGCCCCATGGTGTTGGAGATGGAGCTACAATCAGTCACCTTGGAACCAACACTGTCACTTGACTACATCACGTGCGAGTACAAAACTGTCATCCCCTCCCCGTACGTGAAGTGCTGTGGTACAGCAGAGTGCAAGGACAAGAGCCTACCAGACTACAGCTGCAAGGTCTTTACTGGAGTCTACCCATTTATGTGGGGCGGCGCCTACTGCTTTTGCGACGCCGAAAATACGCAATTGAGCGAGGCACATGTAGAGAAATCTGAATCTTGCAAAACAGAGTTTGCATCGGCCTACAGAGCCCACACCGCATCGGCGTCGGCGAAGCTCCGCGTCCTTTACCAAGGAAACAACATTACCGTAGCTGCCTACGCTAACGGTGACCATGCCGTCACAGTAAAGGACGCCAAGTTTGTCGTGGGCCCAATGTCCTCCGCCTGGACACCTTTTGACAACAAAATCGTGGTGTACAAAGGCGACGTCTACAACATGGACTACCCACCTTTTGGCGCAGGAAGACCAGGACAATTTGGTGACATTCAAAGTCGTACACCGGAAAGTAAAGACGTTTATGCCAACACTCAGTTGGTACTACAGAGGCCAGCAGCAGGCACGGTACATGTACCATACTCTCAGGCACCATCTGGCTTCAAGTATTGGCTGAAGGAACGAGGAGCATCGCTACAGCACACGGCACCGTTCGGTTGCCAGATTGCGACAAACCCGGTAAGAGCTGTAAATTGCGCTGTGGGGAACATACCAATTTCCATCGACATACCGGATGCGGCCTTTACTAGGGTTGTCGATGCACCCTCTGTAACGGACATGTCATGCGAAGTACCAGCCTGCACTCACTCCTCCGACTTTGGGGGCGTCGCCATCATCAAATACACAGCTAGCAAGAAAGGTAAATGTGCAGTACATTCGATGACCAACGCCGTTACCATTCGAGAAGCCGACGTAGAAGTAGAGGGGAACTCCCAGCTGCAAATATCCTTCTCAACAGCCCTGGCAAGCGCCGAGTTTCGCGTGCAAGTGTGCTCCACACAAGTACACTGCGCAGCCGCATGCCACCCTCCAAAGGACCACATAGTCAATTACCCAGCATCACACACCACCCTTGGGGTCCAGGATATATCCACAACGGCAATGTCTTGGGTGCAGAAGATTACGGGAGGAGTAGGATTAATTGTTGCTGTTGCTGCCTTAATTTTAATTGTGGTGCTATGCGTGTCGTTTAGCAGGCACTAA'),
(29, 1, 158, 'HM045786', 'Wester African', 1964, 'TACGAACACGTAACAGTGATCCCGAACACGGTGGGAGTACCGTATAAGACTCTTGTCAACAGACCGGGTTACAGCCCCATGGTATTGGAGATGGAGCTACAATCGGTCACCTTGGAACCAACACTGTCACTTGACTACATCACGTGCGAGTACAAAACTGTCATCCCCTCCCCGTACGTGAAGTGCTGTGGTACAGCAGAGTGCAAGGACAAGAGCCTACCAGACTACAGCTGCAAGGTCTTTACTGGAGTCTACCCATTTATGTGGGGCGGCGCCTACTGCTTTTGCGACGCCGAAAATACGCAATTGAGCGAGGCACATGTAGAGAAATCTGAATCTTGCAAAACAGAGTTTGCATCGGCCTACAGAGCCCACACCGCATCGGCGTCGGCGAAGCTCCGCGTCCTTTACCAAGGAAACAACATTACTGTAGCTGCCTACGCTAACGGCGACCATGCCGTCACAGTAAAGGACGCCAAGTTTGTCGTGGGACCAATGTCCTCCGCCTGGACACCTTTTGACAACAAAATCGTGGTGTACAAAGGCGACGTCTACAACATGGACTACCCACCTTTTGGCGCAGGAAGACCAGGACAATTTGGTGACATTCAAAGTCGTACACCGGAAAGTAAAGACGTTTATGCCAACACTCAGTTGGTACTACAGAGGCCAGCAGCAGGCACGGTACATGTACCATACTCTCAGGCACCATCTGGCTTCAAGTATTGGCTGAAGGAACGAGGAGCATCGCTACAGCACACGGCACCGTTCGGTTGCCAGATTGCGACAAACCCGGTAAGAGCTGTAAATTGCGCTGTGGGGAACATACCAATTTCCATCGACATACCGGATGCGGCCTTTACTAGGGTTGTCGATGCACCCTCTGTAACGGACATGTCATGCGAAGTACCAGCCTGCACTCACTCCTCCGACTTTGGGGGCGTCGCCATCATCAAATATACAGCTAGCAAGAAAGGTAAATGTGCAGTACATTCGATGACCAACGCCGTTACCATTCGAGAAGCCGACGTAGAAGTAGAGGGGAATTCCCAGCTGCAAATATCCTTCTCAACAGCCTTGGCAAGCGCCGAGTTTCGCGTGCAAGTGTGCTCCACACAAGTACACTGCGCAGCCGCATGCCACCCTCCAAAGGACCACATAGTCAATTACCCAGCATCACACACCACCCTTGGGGTCCAGGATATATCCACAACGGCAATGTCTTGGGTGCAGAAGATTACGGGAGGAGTAGGATTAATTGTTGCTGTTGCTGCCTTAATTTTAATTGTGGTGCTATGCGTGTCGTTTAGCAGGCACTAA'),
(30, 1, 188, 'HM045817', 'Wester African', 2005, 'TACGAACACGTAACAGTGATCCCGAACACGGTGGGAGTACCGTATAAGACTCTTGTCAACAGACCGGGTTACAGCCCCATGGTATTGGAGATGGAGCTACAATCAGTTACCTTGGAACCAACATTGTCACTTGACTACATCACGTGCGAGTACAAAACTGTCATCCCCTCCCCGTACGTGAAGTGCTGTGGTACAGCAGAGTGCAAGGACAAGAGCCTACCAGACTACAGTTGCAAGGTCTTTACTGGAGTCTACCCATTTATGTGGGGCGGCGCCTATTGCTTTTGCGACGCCGAAAATACGCAATTGAGCGAGGCACACGTAGAGAAATCTGAATCTTGCAAAACAGAGTTTGCATCGGCCTACAGAGCCCACACCGCATCGGCGTCGGCGAAGCTCCGCGTCCTTTACCAAGGAAACAACATTACCGTAGCTGCCTACGCTAACGGCGACCATGCCGTCACAGTAAAGGACGCCAAGTTTGTCGTGGGCCCAATGTCCTCCGCCTGGACACCTTTTGACAACAAAATCGTGGTGTACAAAGGCGACGTCTACAACATGGACTACCCACCTTTTGGCGCAGGAAGACCAGGACAATTTGGTGACATTCAAAGTCGTACACCGGAAAGTAAAGACGTTTATGCCAACACTCAGTTGGTACTACAGAGGCCAGCAGCAGGCACGGTACATGTACCATACTCTCAGGCACCATCTGGCTTCAAGTATTGGCTGAAGGAAAGAGGAGCATCGCTACAGCACACGGCACCGTTCGGTTGCCAGATTGCGACAAACCCGGTAAGAGCTATAAATTGCGCTGTGGGGAACATACCAATTTCCATCGACATACCGGATGCGGCCTTTACTAGGGTTGTCGATGCACCCTCTGTAACGGACATGTCATGCGAAGTACCAGCCTGCACTCACTCCTCCGACTTTGGGGGCGTCGCCATCATCAAATACACAGCTAGCAAGAAAGGTAAATGTGCAGTACATTCGATGACCAACGCCGTTACCATTCGAGAAGTCGACGTAGAAGTAGAGGGGAACTCCCAGCTGCAAATATCCTTCTCAACAGCCCTGGCAAGCGCCGAGTTTCGCGTGCAAGTGTGCTCCACACAAGTACACTGCGCAGCCGCATGCCACCCTCCAAAGGACCACATAGTCAATTACCCAGCATCACACACCACCCTTGGGGTCCAGGATATATCCACAACGGCAATGTCTTGGGTGCAGAAGATTACGGGAGGAGTAGGATTAATTGTTGCTGTTGCTGCCTTAATCTTAATTGTGGTGCTATGCGTGTCGTTTAGCAGGCACTAA'),
(31, 1, 104, 'HM045820', 'Wester African', 1993, 'TACGAACACGTAACAGTGATCCCGAACACGGTGGGAGTACCGTATAAGACTCTTGTCAACAGACCGGGTTACAGCCCCATGGTATTGGAGATGGAGCTACAATCAGTCACTTTGGAACCAACATTGTCACTTGACTACATCACGTGCGAGTACAAAACTGTCATCCCTTCCCCGTACGTGAAGTGCTGTGGTACAGCAGAGTGCAAGGACAAGAGCCTACCAGACTACAGCTGCAAGGTCTTTACTGGAGTCTACCCATTTATGTGGGGCGGCGCCTACTGCTTTTGCGACGCCGAAAATACGCAATTGAGCGAGGCACATGTAGAGAAATCTGAATCTTGCAAAACAGAGTTTGCATCGGCCTACAGAGCCCACACCGCATCGGCGTCGGCGAAGCTCCGCGTCCTTTACCAAGGAAACAACATTACCGTAGCTGCCTACGCTAACGGCGACCATGCCGTTACAGTAAAGGACGCCAAGTTTGTCGTGGGCCCAATGTCCTCCGCCTGGACACCTTTTGACAACAAAATCGTGGTGTACAAAGACGACGTCTACAACATGGACTACCCACCTTTTGGCGCAGGAAGACCAGGACAATTTGGTGACATTCAAAGTCGTACACCGGAAAGTAAAGACGTTTATGCCAACACTCAGTTGGTACTACAGAGGCCAGCAGCAGGCACGGTACATGTACCATACTCTCAGGCACCATCTGGCTTCAAGTATTGGCTGAAGGAACGAGGAGCATCGCTACAGCACACGGCACCGTTCGGTTGCCAGATTGCGACAAACCCGGTAAGAGCTGTAAATTGCGCTGTGGGGAACATACCAATTTCCATCGACATACCGGATGCGGCCTTTACTAGGGTTGTCGATGCACCCTCTGTAACGGACATGTCATGCGAAGTACCAGCCTGCACTCACTCCTCCGACTTTGGGGGCGTCGCCATCATCAAATACACAGCTAGCAAGAAAGGTAAATGTGCAGTACATTCGATGACCAACGCCGTTACCATTCGAGAAGCCGACGTAGAAGTAGAGGGGAGCTCCCAGCTGCAAATATCCTTCTCAACAGCCCTGGCAAGCGCCGAGTTTCGCGTGCAAGTGTGCTCCACACAAGTACACTGCGCAGCCGCATGCCATCCTCCAAAGGACCACATAGTCAATTACCCAGCATCACACACCACCCTTGGGGTCCAGGATATATCCACAACGGCAATGTCTTGGGTGCAGAAGATTACGGGAGGAGTAGGACTAATTGTTGCTGTTGCTGCCTTAATCTTAATTGTGGTGCTATGCGTGTCGTTTAGCAGGCACTAA'),
(32, 1, 104, 'HM045818', 'Wester African', 1981, 'TACGAACACGTAACAGTGATCCCGAACACGGTGGGAGTACCGTATAAGACTCTTGTCAACAGACCGGGTTACAGCCCCATGGTATTGGAGATGGAGCTACAATCAGTCACCTTGGAACCAACATTGTCACTTGACTACATCACGTGCGAGTACAAAACTGTCATCCCCTCCCCGTACGTGAAGTGCTGTGGTACAGCAGAGTGCAAGGACAAGAGCCTACCAGACTACAGCTGCAAGGTCTTTACTGGAGTCTACCCATTTATGTGGGGCGGCGCCTACTGCTTTTGCGACGCCGAAAATACGCAATTGAGCGAGGCACATGTAGAGAAATCTGAATCTTGCAAAACAGAGTTTGCATCGGCCTACAGAGCCCACACCGCATCGGCGTCGGCGAAGCTCCGCGTCCTTTACCAAGGAAACAACATTACCGTAGCTGCCTACGCTAACGGCGACCATGCCGTCACAGTAAAGGACGCCAAGTTTGTCGTGGGCCCAATGTCCTCCGCCTGGACACCTTTTGACAACAAAATCGTGGTGTACAAAGGCGACGTCTACAACATGGACTACCCACCTTTTGGCGCAGGAAGACCAGGACAATTTGGTGACATTCAAAGTCGTACACCGGAAAGTAAAGACGTTTATGCCAACACTCAGTTGGTACTACAGAGGCCAGCAGCAGGCACGGTACATGTACCATACTCTCAGGCACCATCTGGCTTCAAGTATTGGCTGAAGGAACGAGGAGCATCGCTACAGCACACGGCACCGTTCGGTTGCCAGATTGCGACAAACCCGGTAAGAGCTGTAAATTGCGCTGTGGGGAACATACCAATTTCCATCGACATACCGGATGCGGCCTTTACTAGGGTTGTCGATGCACCCTCTGTAACGGACATGTCATGCGAAGTACCAGCCTGCACTCACTCCTCCGACTTTGGGGGCGTTGCCATCATCAAATACGCAGCTAGCAAGAAAGGTAAATGTGCAGTACATTCGATGACCAACGCCGTTACCATTCGAGAAGCCGACGTAGAAGTAGAGGGGAACTCCCAGCTGCAAATATCCTTCTCAACAGCCCTGGCAAGCGCCGAGTTTCGCGTGCAAGTGTGCTCCACACAAGTACACTGCGCAGCCGCATGCCATCCTCCAAAGGACCACATAGTCAATTACCCAGCATCACACACCACCCTTGGGGTCCAGGATATATCCACAACGGCAATGTCTTGGGTGCAGAAGATTACGGGAGGAGTAGGATTAATTGTTGCTGTTGCTGCCTTAATCTTAATTGTGGTGCTATGCGTGTCGTTTAGCAGGCACTAA'),
(33, 1, 188, 'HM045816', 'Wester African', 1966, 'TACGAACACGTAACAGTGATCCCGAACACGGTGGGAGTACCGTATAAGACTCTTGTCAACAGACCGGGTTACAGCCCCATGGTATTGGAGATGGAGCTACAATCAGTCACCTTGGAACCAACACTGTCACTTGACTACATCACGTGCGAGTACAAAACTGTCATCCCCTCCCCGTACGTGAAGTGCTGTGGTACAGCAGAGTGCAAGGACAAGAGCCTACCAGACTACAGCTGCAAGGTCTTTACTGGAGTCTACCCATTTATGTGGGGCGGCGCCTACTGCTTTTGCGACGCCGAAAATACGCAATTGAGCGAGGCACATGTAGAGAAATCTGAATCTTGCAAAACAGAGTTTGCATCGGCCTACAGAGCCCACACCGCATCGGCGTCGGCGAAGCTCCGCGTCCTTTACCAAGGAAACAACATTACCGTAGCTGCCTACGCTAACGGCGATCATGCCGTCACAGTAAAGGACGCTAAGTTTGTCGTGGGACCAATGTCCTCCGCCTGGACACCTTTTGACAACAAAATCGTGGTGTATAAAGGCGACGTCTACAACATGGACTACCCACCTTTTGGCGCAGGAAGACCAGGACAATTTGGTGACATTCAAAGTCGTACACCGGAAAGTAAAGACGTTTATGCCAACACTCAGTTGGTACTACAGAGGCCAGCAGCAGGCACGGTACATGTACCATACTCTCAGGCACCATCTGGCTTCAAGTATTGGCTGAAGGAACGAGGAGCATCGCTACAGCACACGGCACCGTTCGGTTGCCAGATTGCGACAAACCCGGTAAGAGCTGTAAATTGCGCTGTGGGGAACATACCAATTTCCATCGACATACCGGATGCGGCCTTTACTAGGGTTGTCGATGCACCCTCTGTAACGGACATGTCATGCGAAGTACCAGCCTGCACTCACTCCTCCGACTTTGGGGGCGTCGCCATCATCAAATATACAGCTAGCAAGAAAGGTAAATGTGCAGTACATTCGCTGACCAACGCCGTTACCATTCGAGAAGCCGACGTAGAAGTAGAGGGGAACTCCCAGCTGCAAATATCCTTCTCAACAGCCTTGGCAAGCGCCGAGTTTCGCGTGCAAGTGTGCTCCACACAAGTACACTGCGCAGCCGCATGCCACCCTCCAAAGGACCACATAGTCAATTACCCAGCATCACACACCACCCTTGGGGTCCAGGATATATCCACAACGGCAATGTCTTGGGTGCAGAAGATTACGGGAGGAGTAGGATTAATCGTTGCTGTTGCTGCCTTAATTTTAATTGTGGTGCTATGCGTGTCGTTTAGCAGGCACTAA'),
(34, 1, 188, 'HM045815', 'Wester African', 1979, 'TACGAACACGTAACAGTGATCCCGAACACGGTGGGAGTACCGTATAAGACTCTTGTCAACAGACCGGGTTACAGCCCCATGGTATTGGAGATGGAGCTACAATCAGTCACCTTGGAACCAACACTATCACTTGACTACATCACGTGCGAGTACAAAACTGTCATCCCCTCCCCGTACGTGAAGTGCTGCGGTACAGCAGAGTGCAAGGACAAGAGCTTACCAGACTACAGTTGCAAGGTCTTTACTGGAGTCTACCCATTTATGTGGGGCGGCGCCTACTGCTTTTGCGACGCCGAAAATACGCAATTGAGCGAGGCACATGTAGAGAAATCCGAATCTTGCAAAACAGAGTTTGCATCGGCCTACAGAGCTCACACCGCATCGGCGTCGGCGAAGCTCCGCGTCCTTTACCAAGGAAACAACATTACCGTAGCTGCCTACGCCAACGGCGATCATGCCGTCACAGTAAAGGACGCTAAGTTTGTCGTGGGACCAATGTCCTCCGCCTGGACACCTTTTGACAACAAAATCGTGGTGTACAAAGGCGACGTCTACAACATGGACTACCCACCTTTTGGCGCAGGAAGACCAGGACAATTTGGTGACATTCAAAGTCGTACACCGGAAAGTAAAGACGTTTATGCCAACACTCAGTTGGTACTACAGAGGCCAGCAGCAGGCACGGTACATGTACCATACTCTCAGGCACCATCTGGCTTCAAGTATTGGCTGAAGGAACGAGGAGCATCGCTACAGCACACGGCACCGTTCGGTTGCCAGATTGCGACAAACCCGGTAAGAGCTGTAAATTGCGCTGTGGGGAACATACCAATTTCCATCGACATACCGGATGCGGCCTTTACTAGGGTTGTCGATGCACCCTCTGTGACGGACATGTCATGCGAAGTACCAGCCTGCACTCACTCCTCCGACTTTGGGGGCGTCGCCATCATCAAATATACAGCTAGCAAGAAAGGTAAATGTGCAGTACATTCGATGACCAACGCCGTTACCATTCGAGAAGCCGACGTAGAAGTAGAGGGGAACTCCCAGCTGCAAATATCCTTCTCAACAGCCTTGGCAAGCGCCGAGTTTCGTGTGCAAGTGTGCTCCACACAAGTACACTGCGCAGCCGCATGCCACCCTCCAAAGGACCACATAGTCAACTACCCAGCATCACACACCACCCTTGGGGTCCAGGATATATCCACAACGGCAATGTCTTGGGTGCAGAGGATTACGGGAGGAGTAGGGTTAATTGTTGCTGTTGCTGCCTTAATTTTAATTGTGGTGCTATGCGTGTCGTTTAGCAGACACTAA'),
(35, 1, 188, 'HM045785', 'Wester African', 1966, 'TACGAACACGTAACAGTGATCCCGAACACGGTGGGAGTACCGTATAAGACTCTTGTCAACAGACCGGGTTACAGCCCCATGGTATTGGAGATGGAGCTACAATCAGTCACCTTGGAACCAACACTATCACTTGACTACATCACGTGCGAGTACAAAACTGTCATCCCCTCCCCGTACGTGAAGTGCTGTGGTACAGCAGAGTGCAAGGACAAGAGCTTACCAGACTACAGCTGCAAGGTCTTTACTGGAGTCTACCCATTTATGTGGGGCGGCGCCTACTGCTTTTGCGACGCCGAAAATACGCAATTGAGCGAGGCACATGTAGAGAAATCCGAATCTTGCAAAACAGAGTTTGCATCGGCCTACAGAGCCCACACCGCATCGGCGTCGGCGAAGCTCCGCGTCCTTTACCAAGGAAACAACATTACCGTAGCTGCCTACGCTAACGGCGATCATGCCGTCACAGTAAAGGACGCTAAGTTTGTCGTGGGACCAATGTCCTCCGCCTGGACACCTTTTGACAACAAAATCGTGGTGTACAAAGGCGACGTCTACAACATGGACTACCCACCTTTTGGCGCAGGAAGACCAGGACAATTTGGTGACATTCAAAGTCGTACACCGGAAAGTAAAGACGTTTATGCCAACACTCAGTTGGTACTACAGAGGCCAGCAGCAGGCACGGTACATGTACCATACTCTCAGGCACCATCTGGCTTCAAGTATTGGCTGAAGGAACGAGGAGCATCGCTACAGCACACGGCACCGTTCGGTTGCCAGATTGCGACAAACCCGGTAAGAGCTGTAAATTGCGCTGTGGGGAACATACCAATTTCCATCGACATACCGGATGCGGCCTTTACTAGGGTTGTCGATGCACCCTCTGTAACGGACATGTCATGCGAAGTACCAGCCTGCACTCACTCCTCCGACTTTGGGGGCGTCGCCATCATCAAATATACAGCTAGCAAGAAAGGTAAATGTGCAGTACATTCGATGACCAACGCCGTTACCATTCGAGAAGCCGACGTAGAAGTAGAGGGGAACTCCCAGCTGCAAATATCCTTCTCAACAGCCTTGGCAAGCGCCGAGTTTCGCGTGCAAGTGTGCTCCACACAAGTACACTGCGCAGCCGCATGCCACCCTCCAAAGGACCACATAGTCAATTACCCAGCATCACACACCACCCTTGGGGTCCAGGATATATCCACAACGGCAATGTCTTGGGTGCAGAAGATTACGGGAGGAGTAGGATTAATTGTTGCTGTTGCTGCCTTAATTTTAATTGTGGTGCTATGCGTGTCGTTTAGCAGGCACTAA'),
(36, 1, 29, 'KP164567', 'Asian', 2014, 'TACGAACACGTAACAGTGATCCCGAACACGGTGGGAGTACCGTATAAGACTCTAGTCAACAGACCGGGCTACAGCCCCATGGTATTGGAGATGGAGCTTCTGTCTGTCACCTTGGAACCAACGCTATCGCTTGATTACATCACGTGCGAGTATAAAACCGTTATCCCGTCTCCGTACGTGAAATGCTGCGGTACAGCAGAGTGTAAGGACAAGAGCCTACCTGATTACAGCTGTAAGGTCTTCACCGGCGTCTACCCATTCATGTGGGGCGGCGCCTACTGCTTCTGCGACACCGAAAATACGCAATTGAGCGAAGCACATGTGGAGAAGTCCGAATCATGCAAAACAGAATTTGCATCAGCATACAGGGCTCATACCGCATCCGCATCAGCTAAGCTCCGCGTCCTTTACCAAGGAAATAATATCACTGTGGCTGCTTATGCAAACGGCGACCATGCCGTCACAGTTAAGGACGCTAAATTCATAGTGGGGCCAATGTCTTCAGCCTGGACACCTTTCGACAATAAAATCGTGGTGTACAAAGGCGACGTCTACAACATGGACTACCCGCCCTTCGGCGCAGGAAGACCAGGACAATTTGGCGACATCCAAAGTCGCACGCCTGAGAGCGAAGACGTCTATGCTAATACACAACTGGTACTGCAGAGACCGTCCGCGGGTACGGTGCACGTGCCGTACTCTCAGGCACCATCTGGCTTCAAGTATTGGCTAAAAGAACGAGGGGCGTCGCTGCAGCACACAGCACCATTTGGCTGTCAAATAGCAACAAACCCGGTAAGAGCGATGAACTGCGCCGTAGGGAACATGCCTATCTCCATCGACATACCGGACGCGGCCTTTACCAGGGTCGTCGACGCGCCATCTTTAACGGACATGTCGTGTGAGGTATCAGCCTGCACCCATTCCTCAGACTTTGGGGGCGTAGCCATCATTAAATATGCAGCCAGTAAGAAAGGCAAGTGTGCAGTGCACTCGATGACTAACGCCGTCACTATTCGGGAAGCTGAAATAGAAGTAGAAGGGAACTCTCAGTTGCAAATCTCTTTTTCGACGGCCCTAGCCAGCGCCGAATTTCGCGTACAAGTCTGTTCTACACAAGTACACTGTGCAGCCGAGTGCCATCCACCGAAAGACCATATAGTCAATTACCCGGCGTCACACACCACCCTCGGGGTCCAAGACATTTCCGCTACGGCGATGTCATGGGTGCAGAAGATCACGGGAGGTGTGGGACTGGTTGTCGCTGTTGCAGCACTGATCCTAATCGTGGTGCTATGCGTGTCGTTTAGCAGGCACTAA');
INSERT INTO `alt_sequence` (`idalt_sequence`, `gene_idgene`, `country_idcountry`, `name`, `genotype`, `year`, `sequence`) VALUES
(37, 1, 29, 'KP164572', 'Asian', 2014, 'TACGAACACGTAACAGTGATCCCGAACACGGTGGGAGTACCGTATAAGACTCTAGTCAACAGACCGGGCTACAGCCCCATGGTATTGGAGATGGAGCTTCTGTCTGTCACCTTGGAACCAACGCTATCGCTTGATTACATCACGTGCGAGTATAAAACCGTTATCCCGTCTCCGTACGTGAAATGCTGCGGTACAGCAGAGTGTAAGGACAAGAGCCTACCTGATTACAGCTGTAAGGTCTTCACCGGCGTCTACCCATTCATGTGGGGCGGCGCCTACTGCTTCTGCGACACCGAAAATACGCAATTGAGCGAAGCACATGTGGAGAAGTCCGAATCATGCAAAACAGAATTTGCATCAGCATACAGGGCTCATACCGCATCCGCATCAGCTAAGCTCCGCGTCCTTTACCAAGGAAATAATATCACTGTGGCTGCTTATGCAAACGGCGACCATGCCGTCACAGTTAAGGACGCTAAATTCATAGTGGGGCCAATGTCTTCAGCCTGGACACCTTTCGACAATAAAATCGTGGTGTACAAAGGCGACGTCTACAACATGGACTACCCGCCCTTCGGCGCAGGAAGACCAGGACAATTTGGCGACATCCAAAGTCGCACGCCTGAGAGCGAAGACGTCTATGCTAATACACAACTGGTACTGCAGAGACCGTCCGCGGGTACGGTGCACGTGCCGTACTCTCAGGCACCATCTGGCTTCAAGTATTGGCTAAAAGAACGAGGGGCGTCGCTGCAGCACACAGCACCATTTGGCTGTCAAATAGCAACAAACCCGGTAAGAGCGATGAACTGCGCCGTAGGGAACATGCCTATCTCCATCGACATACCGGACGCGGCCTTTACCAGGGTCGTCGACGCGCCATCTTTAACGGACATGTCGTGTGAGGTATCAGCCTGCACCCATTCCTCAGACTTTGGGGGCGTAGCCATCATTAAATATGCAGCCAGTAAGAAAGGCAAGTGTGCAGTGCACTCGATGACTAACGCCGTCACTATTCGGGAAGCTGAAATAGAAGTAGAAGGGAACTCTCAGTTGCAAATCTCTTTTTCGACGGCCCTAGCCAGCGCCGAATTTCGCGTACAAGTCTGTTCTACACAAGTACACTGTGCAGCCGAGTGCCATCCACCGAAAGACCATATAGTCAATTACCCGGCGTCACACACCACCCTCGGGGTCCAAGACATTTCCGCTACGGCGATGTCATGGGTGCAGAAGATCACGGGAGGTGTGGGACTGGTTGTCGCTGTTGCAGCACTGATCCTAATCGTGGTGCTATGCGTGTCGTTTAGCAGGCACTAA'),
(38, 1, 29, 'KP164571', 'East-Central-South-African', 2014, 'TACGAACACGTAACAGTGATCCCGAACACGGTGGGAGTACCGTATAAGACTCTAGTCAACAGACCGGGCTACAGCCCCATGGTATTGGAGATGGAGCTTCTGTCTGTCACCTTGGAACCAACGCTATCGCTTGATTACATCACGTGCGAGTATAAAACCGTTATCCCGTCTCCGTACGTGAAATGCTGCGGTACAGCAGAGTGTAAGGACAAGAGCCTACCTGATTACAGCTGTAAGGTCTTCACCGGCGTCTACCCATTTATGTGGGGCGGCGCCTACTGCTTCTGCGACACCGAAAATACGCAATTGAGCGAAGCACATGTGGAGAAGTCCGAATCATGCAAAACAGAATTTGCATCAGCATACAGGGCTCATACCGCATCCGCATCAGCTAAGCTCCGCGTCCTTTACCAAGGAAATAATATCACTGTGGCTGCTTATGCAAACGGCGACCATGCCGTCACAGTTAAGGACGCTAAATTCATAGTGGGGCCAATGTCTTCAGCCTGGACACCTTTCGACAATAAAATCGTGGTGTACAAAGGCGACGTCTACAACATGGACTACCCGCCCTTCGGCGCAGGAAGACCAGGACAATTTGGCGACATCCAAAGTCGCACGCCTGAGAGCGAAGACGTCTATGCTAATACACAACTGGTACTGCAGAGACCGTCCGCGGGTACGGTGCACGTGCCGTACTCTCAGGCACCATCTGGCTTCAAGTATTGGCTAAAAGAACGAGGGGCGTCGCTGCAGCACACAGCACCATTTGGCTGTCAAATAGCAACAAACCCGGTAAGAGCGATGAACTGCGCCGTAGGGAACATGCCTATCTCCATCGACATACCGGACGCGGCCTTTACCAGGGTCGTCGACGCGCCATCTTTAACGGACATGTCGTGTGAGGTATCAGCCTGCACCCATTCCTCAGACTTTGGGGGCGTAGCCATCATTAAATATGCAGCCAGTAAGAAAGGCAAGTGTGCAGTGCACTCGATGACTAACGCCGTCACTATTCGGGAAGCTGAAATAGAAGTAGAAGGGAACTCTCAGTTGCAAATCTCTTTTTCGACGGCCCTAGCCAGCGCCGAATTTCGCGTACAAGTCTGTTCTACACAAGTACACTGTGCAGCCGAGTGCCATCCACCGAAAGACCATATAGTCAATTACCCGGCGTCACACACCACCCTCGGGGTCCAAGACATTTCCGCTACGGCGATGTCATGGGTGCAGAAGATCACGGGAGGTGTGGGACTGGTTGTCGCTGTTGCAGCACTGATCCTAATCGTGGTGCTATGCGTGTCGTTTAGCAGGCACTAA'),
(39, 1, 227, 'L37661', 'Asian', 2007, 'TACGAACACGTAACAGTGATCCCGAACACGGTGGGAGTACCGTATAAGACTCTAGTCAACAGACCGGGCTACAGCCCCATGGTACTGGAGATGGAGCTTCTGTCAGTCACTTTGGAGCCAACGCTATCGCTTGATTACATCACGTGCGAGTATAAAACCGTCATCCCGTCTCCGTACGTGAAATGCTGCGGTACAGCAGAGTGCAAGGACAAGAGCCTACCTGATTACAGCTGTAAGGTCTTCACCGGCGTCTACCCATTCATGTGGGGCGGCGCCTACTGCTTCTGCGACACTGAAAATACGCAATTGAGCGAAGCACATGTGGAGAAGTCCGAATCATGCAAAACAGAATTTGCATCAGCATATAGGGCTCATACCGCATCCGCATCAGCTAAGCTCCGCGTCCTTTACCAAGGAAATAATGTTACTGTATCTGCTTATGCAAACGGCGATCATGCCGTCACAGTTAAGGACGCTAAATTCATTGTGGGGCCAATGTCTTCAGCCTGGACACCTTTTGACAATAAAATCGTGGTGTACAAAGGCGACGTCTACAACATGGACTACCCGCCCTTCGGCGCAGGAAGACCAGGACAATTTGGCGACATCCAAAGTCGCACGCCTGAGAGCGAAGACGTCTATGCTAACACACAACTGGTACTGCAGAGACCGTCCGCGGGTACGGTGCACGTGCCGTACTCTCAGGCACCATCTGGCTTCAAGTATTGGCTAAAAGAACGAGGGGCGTCGCTGCAGCACACAGCACCATTTGGCTGTCAAATAGCAACAAACCCGGTAAGAGCGATGAACTGCGCCGTAGGGAACATGCCTATCTCCATCGACATACCGGACGCGGCCTTCACTAGGGTCGTCGACGCGCCATCTTTAACGGACATGTCGTGTGAGGTACCAGCCTGCACCCACTCCTCAGACTTTGGGGGCGTAGCCATCATTAAATATGCAGCCAGCAAGAAAGGCAAGTGTGCGGTGCATTCGATGACTAACGCCGTCACTATTCGGGAAGCTGAAATAGAAGTAGAAGGGAACTCTCAGTTGCAAATCTCTTTTTCGACGGCCCTAGCCAGCGCCGAATTCCGCGTACAAGTCTGTTCTACACAAGTACACTGTGCAGCCGAGTGCCATCCACCGAAAGACCATATAGTCAATTACCCGGCGTCACACACCACCCTCGGGGTCCAAGACATTTCCGTTACGGCGATGTCATGGGTGCAGAAGATCACGGGAGGTGTGGGACTGGTTGTCGCTGTTGCAGCACTGATCCTAATCGTGGTGCTATGCGTGTCGTTTAGCAGGCACTAA'),
(40, 1, 213, 'EF452493', 'East-Central-South-African', 2007, 'TACGAACACGTAACAGTGATCCCGAACACGGTGGGAGTACCGTATAAGACTCTAGTCAACAGACCGGGCTACAGCCCCATGGTACTGGAGATGGAGCTTCTGTCAGTCACTTTGGAGCCAACGCTATCGCTTGATTACATCACGTGCGAGTATAAAACCGTCATCCCGTCTCCGTACGTGAAATGCTGCGGTACAGCAGAGTGCAAGGACAAGAGCCTACCTGATTACAGCTGTAAGGTCTTCACCGGCGTCTACCCATTCATGTGGGGCGGCGCCTACTGCTTCTGCGACACTGAAAATACGCAATTGAGCGAAGCACATGTGGAGAAGTCCGAATCATGCAAAACAGAATTTGCATCAGCATATAGGGCTCATACCGCATCCGCATCAGCTAAGCTCCGCGTCCTTTACCAAGGAAATAATGTTACTGTATCTGCTTATGCAAACGGCGACCATGCCGTCACAGTTAAGGACGCTAAATTCATTGTGGGGCCAATGTCTTCAGCCTGGACACCTTTTGACAATAAAATCGTGGTGTACAAAGGCGACGTCTACAACATGGACTACCCGCCCTTCGGCGCAGGAAGACCAGGACAATTTGGCGACATCCAAAGTCGCACGCCTGAGAGCGAAGACGTCTATGCTAACACACAACTGGTACTGCAGAGACCGTCCGCGGGTACGGTGCACGTGCCGTACTCTCAGGCACCATCTGGCTTCAAGTATTGGCTAAAAGAACGAGGGGCGTCGCTGCAGCACACAGCACCATTTGGCTGTCAAATAGCAACAAACCCGGTAAGAGCGATGAACTGCGCCGTAGGGAACATGCCTATCTCCATCGACATACCGGACGCGGCCTTCACTAGGGTCGTCGACGCGCCATCTTTAACGGACATGTCGTGTGAGGTACCAGCCTGCACCCACTCCTCAGACTTTGGGGGCGTAGCCATCATTAAATATGCAGCCAGCAAGAAAGGCAAGTGTGCGGTGCATTCGATGACTAACGCCGTCACTATTCGGGAAGCTGAAATAGAAGTAGAAGGGAACTCTCAGTTGCAAATCTCTTTTTCGACGGCCCTAGCCAGCGCCGAATTCCGCGTACAAGTCTGTTCTACACAAGTACACTGTGCAGCCGAGTGCCATCCACCGAAAGACCATATAGTCAATTACCCGGCGTCACACACCACCCTCGGGGTCCAAGACATTTCCGCTACGGCGATGTCATGGGTGCAGAAGATCACGGGAGGTGTGGGACTGGTTGTCGCTGTTGCAGCACTGATCCTAATCGTGGTGCTATGCGTGTCGTTTAGCAGGCACTAA'),
(41, 1, 213, 'HM045789', 'East-Central-South-African', 1988, 'TACGAACACGTAACAGTGATCCCGAACACGGTGGGAGTACCGTATAAGACTCTAGTCAACAGACCGGGCTACAGCCCCATGGTACTGGAGATGGAGCTTCTGTCAGTCACTTTGGAGCCAACGCTATCGCTTGATTACATCACGTGCGAGTATAAAACCGTCATCCCGTCTCCGTACGTGAAATGCTGCGGTACAGCAGAGTGCAAGGACAAGAGCCTACCTGATTACAGCTGTAAGGTCTTCACCGGCGTCTACCCATTCATGTGGGGCGGCGCCTACTGCTTCTGCGACACTGAAAATACGCAATTGAGCGAAGCACATGTGGAGAAGTCCGAATCATGCAAAACGGAATTTGCATCAGCATACAGGGCCCATACCGCATCCGCATCAGCTAAGCTCCGCGTCCTTTACCAAGGAAATAATGTCACTGTATCTGCTTATGCAAACGGCGACCATGCCGTCACAGTTAAGGACGCTAAATTCATAGTGGGGCCAATGTCTTCAGCCTGGACACCTTTCGACAATAAAATCGTGGTGTACAAAGGCGACGTCTACAACATGGACTACCCGCCCTTCGGCGCAGGAAGACCAGGACAATTTGGCGACATCCAAAGTCGCACGCCTGAGAGCGAAGACGTCTATGCTAACACACAACTGGTACTGCAGAGACCGTCCGCGGGTACGGTGCACGTGCCGTACTCTCAGGCACCATCTGGCTTCAAGTATTGGCTAAAAGAACGAGGGGCGTCGCTGCAGCACACAGCACCATTTGGCTGTCAAATAGCAACAAACCCGGTAAGAGCGATGAACTGCGCCGTAGGGAACATGCCTATCTCCATCGACATACCGGACGCGGCCTTCACTAGGGTCGTCGACGCGCCATCTTTAACGGACATGTCGTGTGAGGTACCAGCCTGCACCCATTCCTCAGACTTTGGGGGCGTAGCCATCATTAAATATGCAGCCAGCAAGAAAGGCAAGTGTGCGGTGCATTCGATGACTAACGCCGTCACTATTCGGGAAGCTGAAATAGAAGTAGAAGGGAGCTCTCAGCTGCAAATCTCTTTTTCGACGGCCCTAGCCAGCGCCGAATTCCGCGTACAAGTCTGCTCTACACAAGTACACTGTGCAGCCGAGTGCCATCCACCGAAAGACCATATAGTCAATTACCCGGCGTCACACACCACCCTCGGGGTCCAAGACATTTCCGCTACGGCGATGTCATGGGTGCAGAAGATCACGGGAGGTGTGGGACTGGTTGTCGCTGTTGCAGCACTGATCCTAATCGTGGTGCTATGCGTGTCGTTTAGCAGGCACTAA'),
(42, 1, 171, 'HM045800', 'Asian', 1985, 'TACGAACACGTAACAGTGATCCCGAACACGGTGGGAGTACCGTATAAGACTCTAGTCAACAGACCGGGCTACAGCCCCATGGTACTGGAGATGGAGCTTCTGTCTGTCACTTTGGAGCCAACGCTATCGCTTGATTACATCACGTGCGAGTATAAAACCGTCATCCCGTCTCCGTACGTGAAATGCTGCGGTACAGCAGAGTGCAAGGACAAGAGCCTACCTGATTACAGCTGTAAGGTCTTCACCGGCGTCTACCCATTCATGTGGGGCGGCGCCTACTGCTTCTGCGACACTGAAAATACGCAATTGAGCGAAGCACATGTGGAGAAGTCCGAATCATGCAAAACAGAATTTGCATCAGCATACAGGGCCCATACCGCATCCGCATCAGCTAAGCTCCGCGTCCTTTACCAAGGAAATAATGTCACTGTATCTGCTTATGCAAACGGCGACCATGCCGTCACAGTTAAGGACGCTAAATTCATAGTGGGGCCAATGTCTTCAGCCTGGACACCTTTCGATAATAAAATCGTGGTGTACAAAGGCGACGTCTACAACATGGACTACCCGCCCTTCGGCGCAGGAAGACCAGGACAATTTGGCGACATCCAAAGTCGCACGCCTGAGAGCGAAGACGTCTATGCTAACACACAACTGGTACTGCAGAGACCGTCCGCGGGTACGGTGCACGTGCCGTACTCTCAGGCACCATCTGGCTTCAAGTATTGGCTAAAAGAACGAGGGGCGTCGCTGCAGCACACAGCACCATTTGGCTGTCAAATAGCAACAAACCCGGTAAGAGCGATGAACTGCGCCGTAGGGAACATGCCTATCTCCATCGACATACCGGACGCGGCCTTCACTAGGGTCGTCGACGCACCATCTTTAACGGACATGTCGTGTGAGGTACCAGCCTGCACCCATTCCTCAGACTTTGGGGGCGTAGCCATCATTAAATATGCAGCCAGCAAGAAAGGCAAGTGTGCAGTGCATTCGATGACTAACGCCGTCACTATTCGGGAAGCTGAAATAGAAGTAGAAGGGAACTCTCAGTTGCAAATCTCTTTTTCGACGGCCCTAGCCAGCGCCGAATTCCGCGTACAAGTCTGTTCTACACAAGTACACTGTGCAGCCGAGTGCCATCCACCGAAAGACCATATAGTCAATTACCCGGCGTCACACACCACCCCCGGGGTCCAAGACATTTCCGCTACGGCGATGTCATGGGTGCAGAAGATCACGGGAGGTGTGGGACTGGTTGTCGCTGTTGCAGCACTGATCCTAATCGTGGTGCTATGCGTGTCGTTTAGCAGGCACTAA'),
(43, 1, 6, 'HM045823 ', 'East-Central-South-African', 1962, 'TACGAACACGTAACAGTGATCCCGAACACGGTGGGAGTACCGTATAAGACTCTAGTCAACAGACCGGGCTACAGTCCCATGGTATTGGAGATGGAACTACTGTCAGTCACTTTGGAGCCAACGCTATCGCTTGATTACATCACGTGCGAGTACAAAACCGTTATCCCGTCTCCGTACGTGAAATGCTGCGGTACAGCAGAGTGCAAGGACAAAAACCTACCTGACTACAGCTGTAAGGTCTTCACCGGCGTCTACCCATTTATGTGGGGCGGCGCCTACTGCTTCTGCGACGCTGAAAACACGCAATTGAGCGAAGCACATGTGGAGAAGTCCGAATCATGCAAAACAGAATTTGCATCAGCATACAGGGCTCATACCGCATCCGCATCAGCTAAGCTCCGCGTCCTTTACCAAGGAAATAACATCACTGTAACTGCCTATGCAAACGGCGACCATGCCGTCACAGTTAAGGACGCCAAATTCATTGTGGGGCCAATGTCTTCAGCCTGGACACCTTTCGACAACAAAATTGTGGTGTACAAAGGTGACGTCTATAACATGGACTACCCGCCCTTTGGCGCAGGAAGACCAGGACAATTTGGCGATATCCAAAGTCGCACACCTGAGAGTAAAGACGTCTATGCTAATACACAACTGGTACTGCAGAGACCGGCTGCGGGTACGGTACATGTGCCATACTCTCAGGCACCATCTGGCTTTAAGTATTGGCTAAAAGAACGAGGGGCGTCGCTGCAGCATACAGCACCATTTGGCTGCCAAATAGCAACAAACCCGGTAAGAGCGGTGAACTGCGCCGTAGGGAACATGCCCATCTCCATCGACATACCGGATGCGGCCTTCACTAGGGTCGTCGACGCGCCCTCTTTAACGGACATGTCGTGCGAGGTACCAGCCTGCACCCATTCCTCAGATTTCGGGGGCGTCGCCATTATTAAATATGCAGCCAGCAAGAAAGGCAAGTGCGCGGTGCATTCGATGACCAACGCCGTCACTATTCGGGAAGCTGAGATAGAAGTTGAAGGGAATTCTCAGCTGCAAATCTCTTTCTCGACGGCCTTAGCCAGCGCCGAATTCCGCGTACAAGTCTGTTCTACACAAGTACACTGTGCAGCCGAGTGCCACCCTCCGAAGGACCACATAGTCAATTACCCGGCGTCACATACCACCCTCGGGGTCCAGGACATTTCCGCCACGGCGATGTCATGGGTGCAGAAGATCACGGGAGGTGTGGGACTGGTTGTCGCTGTTGCAGCACTGATTCTAATCGTGGTGCTATGCGTGTCGTTTAGCAGGCACTAA');

-- --------------------------------------------------------

--
-- Estructura de tabla para la tabla `continent`
--

CREATE TABLE IF NOT EXISTS `continent` (
  `idcontinent` int(11) NOT NULL,
  `name` varchar(45) NOT NULL
) ENGINE=InnoDB AUTO_INCREMENT=6 DEFAULT CHARSET=latin1;

--
-- Volcado de datos para la tabla `continent`
--

INSERT INTO `continent` (`idcontinent`, `name`) VALUES
(1, 'Africa'),
(2, 'America'),
(3, 'Asia'),
(4, 'Europe'),
(5, 'Oceania');

-- --------------------------------------------------------

--
-- Estructura de tabla para la tabla `country`
--

CREATE TABLE IF NOT EXISTS `country` (
  `idcountry` int(11) NOT NULL,
  `continent_idcontinent` int(11) NOT NULL,
  `name` varchar(45) NOT NULL,
  `code` varchar(45) NOT NULL
) ENGINE=InnoDB AUTO_INCREMENT=243 DEFAULT CHARSET=latin1;

--
-- Volcado de datos para la tabla `country`
--

INSERT INTO `country` (`idcountry`, `continent_idcontinent`, `name`, `code`) VALUES
(1, 3, 'Afghanistan', 'AF'),
(2, 4, 'Albania', 'AL'),
(3, 1, 'Algeria', 'DZ'),
(4, 5, 'American Samoa', 'DS'),
(5, 4, 'Andorra', 'AD'),
(6, 1, 'Angola', 'AO'),
(7, 2, 'Anguilla', 'AI'),
(8, 2, 'Antigua and Barbuda', 'AG'),
(9, 2, 'Argentina', 'AR'),
(10, 3, 'Armenia', 'AM'),
(11, 2, 'Aruba', 'AW'),
(12, 5, 'Australia', 'AU'),
(13, 4, 'Austria', 'AT'),
(14, 3, 'Azerbaijan', 'AZ'),
(15, 2, 'Bahamas', 'BS'),
(16, 3, 'Bahrain', 'BH'),
(17, 3, 'Bangladesh', 'BD'),
(18, 2, 'Barbados', 'BB'),
(19, 4, 'Belarus', 'BY'),
(20, 4, 'Belgium', 'BE'),
(21, 2, 'Belize', 'BZ'),
(22, 1, 'Benin', 'BJ'),
(23, 2, 'Bermuda', 'BM'),
(24, 3, 'Bhutan', 'BT'),
(25, 2, 'Bolivia', 'BO'),
(26, 4, 'Bosnia and Herzegovina', 'BA'),
(27, 1, 'Botswana', 'BW'),
(28, 4, 'Bouvet Island', 'BV'),
(29, 2, 'Brazil', 'BR'),
(30, 3, 'British Indian Ocean Territory', 'IO'),
(31, 3, 'Brunei Darussalam', 'BN'),
(32, 4, 'Bulgaria', 'BG'),
(33, 1, 'Burkina Faso', 'BF'),
(34, 1, 'Burundi', 'BI'),
(35, 3, 'Cambodia', 'KH'),
(36, 1, 'Cameroon', 'CM'),
(37, 2, 'Canada', 'CA'),
(38, 1, 'Cape Verde', 'CV'),
(39, 2, 'Cayman Islands', 'KY'),
(40, 1, 'Central African Republic', 'CF'),
(41, 1, 'Chad', 'TD'),
(42, 2, 'Chile', 'CL'),
(43, 3, 'China', 'CN'),
(44, 3, 'Christmas Island', 'CX'),
(45, 3, 'Cocos (Keeling) Islands', 'CC'),
(46, 2, 'Colombia', 'CO'),
(47, 1, 'Comoros', 'KM'),
(48, 1, 'Congo', 'CG'),
(49, 5, 'Cook Islands', 'CK'),
(50, 2, 'Costa Rica', 'CR'),
(51, 4, 'Croatia (Hrvatska)', 'HR'),
(52, 2, 'Cuba', 'CU'),
(53, 4, 'Cyprus', 'CY'),
(54, 4, 'Czech Republic', 'CZ'),
(55, 4, 'Denmark', 'DK'),
(56, 1, 'Djibouti', 'DJ'),
(57, 2, 'Dominica', 'DM'),
(58, 2, 'Dominican Republic', 'DO'),
(59, 3, 'East Timor', 'TP'),
(60, 2, 'Ecuador', 'EC'),
(61, 1, 'Egypt', 'EG'),
(62, 2, 'El Salvador', 'SV'),
(63, 1, 'Equatorial Guinea', 'GQ'),
(64, 1, 'Eritrea', 'ER'),
(65, 4, 'Estonia', 'EE'),
(66, 1, 'Ethiopia', 'ET'),
(67, 2, 'Falkland Islands (Malvinas)', 'FK'),
(68, 4, 'Faroe Islands', 'FO'),
(69, 5, 'Fiji', 'FJ'),
(70, 4, 'Finland', 'FI'),
(71, 4, 'France', 'FR'),
(72, 2, 'French Guiana', 'GF'),
(73, 5, 'French Polynesia', 'PF'),
(74, 1, 'Gabon', 'GA'),
(75, 1, 'Gambia', 'GM'),
(76, 4, 'Georgia', 'GE'),
(77, 4, 'Germany', 'DE'),
(78, 1, 'Ghana', 'GH'),
(79, 4, 'Gibraltar', 'GI'),
(80, 4, 'Guernsey', 'GK'),
(81, 4, 'Greece', 'GR'),
(82, 4, 'Greenland', 'GL'),
(83, 2, 'Grenada', 'GD'),
(84, 2, 'Guadeloupe', 'GP'),
(85, 5, 'Guam', 'GU'),
(86, 2, 'Guatemala', 'GT'),
(87, 1, 'Guinea', 'GN'),
(88, 1, 'Guinea-Bissau', 'GW'),
(89, 2, 'Guyana', 'GY'),
(90, 2, 'Haiti', 'HT'),
(91, 5, 'Heard and Mc Donald Islands', 'HM'),
(92, 2, 'Honduras', 'HN'),
(93, 3, 'Hong Kong', 'HK'),
(94, 4, 'Hungary', 'HU'),
(95, 4, 'Iceland', 'IS'),
(96, 3, 'India', 'IN'),
(97, 4, 'Isle of Man', 'IM'),
(98, 3, 'Indonesia', 'ID'),
(99, 3, 'Iran (Islamic Republic of)', 'IR'),
(100, 3, 'Iraq', 'IQ'),
(101, 4, 'Ireland', 'IE'),
(102, 3, 'Israel', 'IL'),
(103, 4, 'Italy', 'IT'),
(104, 1, 'Ivory Coast', 'CI'),
(105, 4, 'Jersey', 'JE'),
(106, 2, 'Jamaica', 'JM'),
(107, 3, 'Japan', 'JP'),
(108, 3, 'Jordan', 'JO'),
(109, 3, 'Kazakhstan', 'KZ'),
(110, 1, 'Kenya', 'KE'),
(111, 5, 'Kiribati', 'KI'),
(112, 3, 'North Korea', 'KP'),
(113, 3, 'South Korea', 'KR'),
(114, 4, 'Kosovo', 'XK'),
(115, 3, 'Kuwait', 'KW'),
(116, 3, 'Kyrgyzstan', 'KG'),
(117, 3, 'Lao Peoples Democratic Republic', 'LA'),
(118, 4, 'Latvia', 'LV'),
(119, 3, 'Lebanon', 'LB'),
(120, 1, 'Lesotho', 'LS'),
(121, 1, 'Liberia', 'LR'),
(122, 1, 'Libyan Arab Jamahiriya', 'LY'),
(123, 4, 'Liechtenstein', 'LI'),
(124, 4, 'Lithuania', 'LT'),
(125, 4, 'Luxembourg', 'LU'),
(126, 3, 'Macau', 'MO'),
(127, 4, 'Macedonia', 'MK'),
(128, 1, 'Madagascar', 'MG'),
(129, 1, 'Malawi', 'MW'),
(130, 3, 'Malaysia', 'MY'),
(131, 3, 'Maldives', 'MV'),
(132, 1, 'Mali', 'ML'),
(133, 4, 'Malta', 'MT'),
(134, 5, 'Marshall Islands', 'MH'),
(135, 2, 'Martinique', 'MQ'),
(136, 1, 'Mauritania', 'MR'),
(137, 1, 'Mauritius', 'MU'),
(138, 1, 'Mayotte', 'TY'),
(139, 2, 'Mexico', 'MX'),
(140, 5, 'Micronesia', 'FM'),
(141, 4, 'Moldova', 'MD'),
(142, 4, 'Monaco', 'MC'),
(143, 3, 'Mongolia', 'MN'),
(144, 4, 'Montenegro', 'ME'),
(145, 2, 'Montserrat', 'MS'),
(146, 1, 'Morocco', 'MA'),
(147, 1, 'Mozambique', 'MZ'),
(148, 3, 'Myanmar', 'MM'),
(149, 1, 'Namibia', 'NA'),
(150, 5, 'Nauru', 'NR'),
(151, 3, 'Nepal', 'NP'),
(152, 4, 'Netherlands', 'NL'),
(153, 2, 'Netherlands Antilles', 'AN'),
(154, 5, 'New Caledonia', 'NC'),
(155, 5, 'New Zealand', 'NZ'),
(156, 2, 'Nicaragua', 'NI'),
(157, 1, 'Niger', 'NE'),
(158, 1, 'Nigeria', 'NG'),
(159, 5, 'Niue', 'NU'),
(160, 5, 'Norfolk Island', 'NF'),
(161, 5, 'Northern Mariana Islands', 'MP'),
(162, 4, 'Norway', 'NO'),
(163, 3, 'Oman', 'OM'),
(164, 3, 'Pakistan', 'PK'),
(165, 5, 'Palau', 'PW'),
(166, 3, 'Palestine', 'PS'),
(167, 2, 'Panama', 'PA'),
(168, 5, 'Papua New Guinea', 'PG'),
(169, 2, 'Paraguay', 'PY'),
(170, 2, 'Peru', 'PE'),
(171, 3, 'Philippines', 'PH'),
(172, 5, 'Pitcairn', 'PN'),
(173, 4, 'Poland', 'PL'),
(174, 4, 'Portugal', 'PT'),
(175, 2, 'Puerto Rico', 'PR'),
(176, 4, 'Qatar', 'QA'),
(177, 1, 'Reunion', 'RE'),
(178, 4, 'Romania', 'RO'),
(179, 4, 'Russian Federation', 'RU'),
(180, 1, 'Rwanda', 'RW'),
(181, 2, 'Saint Kitts and Nevis', 'KN'),
(182, 2, 'Saint Lucia', 'LC'),
(183, 2, 'Saint Vincent and the Grenadines', 'VC'),
(184, 5, 'Samoa', 'WS'),
(185, 4, 'San Marino', 'SM'),
(186, 1, 'Sao Tome and Principe', 'ST'),
(187, 3, 'Saudi Arabia', 'SA'),
(188, 1, 'Senegal', 'SN'),
(189, 4, 'Serbia', 'RS'),
(190, 1, 'Seychelles', 'SC'),
(191, 1, 'Sierra Leone', 'SL'),
(192, 3, 'Singapore', 'SG'),
(193, 4, 'Slovakia', 'SK'),
(194, 4, 'Slovenia', 'SI'),
(195, 5, 'Solomon Islands', 'SB'),
(196, 1, 'Somalia', 'SO'),
(197, 1, 'South Africa', 'ZA'),
(198, 2, 'South Georgia South Sandwich Islands', 'GS'),
(199, 4, 'Spain', 'ES'),
(200, 3, 'Sri Lanka', 'LK'),
(201, 1, 'St. Helena', 'SH'),
(202, 2, 'St. Pierre and Miquelon', 'PM'),
(203, 1, 'Sudan', 'SD'),
(204, 2, 'Suriname', 'SR'),
(205, 4, 'Svalbard and Jan Mayen Islands', 'SJ'),
(206, 1, 'Swaziland', 'SZ'),
(207, 4, 'Sweden', 'SE'),
(208, 4, 'Switzerland', 'CH'),
(209, 3, 'Syrian Arab Republic', 'SY'),
(210, 3, 'Taiwan', 'TW'),
(211, 3, 'Tajikistan', 'TJ'),
(212, 1, 'Tanzania', 'TZ'),
(213, 3, 'Thailand', 'TH'),
(214, 1, 'Togo', 'TG'),
(215, 5, 'Tokelau', 'TK'),
(216, 5, 'Tonga', 'TO'),
(217, 2, 'Trinidad and Tobago', 'TT'),
(218, 1, 'Tunisia', 'TN'),
(219, 3, 'Turkey', 'TR'),
(220, 3, 'Turkmenistan', 'TM'),
(221, 2, 'Turks and Caicos Islands', 'TC'),
(222, 5, 'Tuvalu', 'TV'),
(223, 1, 'Uganda', 'UG'),
(224, 4, 'Ukraine', 'UA'),
(225, 3, 'United Arab Emirates', 'AE'),
(226, 4, 'United Kingdom', 'GB'),
(227, 2, 'United States', 'US'),
(228, 2, 'Uruguay', 'UY'),
(229, 3, 'Uzbekistan', 'UZ'),
(230, 5, 'Vanuatu', 'VU'),
(231, 4, 'Vatican City State', 'VA'),
(232, 2, 'Venezuela', 'VE'),
(233, 3, 'Vietnam', 'VN'),
(234, 2, 'Virgin Islands (British)', 'VG'),
(235, 2, 'Virgin Islands (U.S.)', 'VI'),
(236, 5, 'Wallis and Futuna Islands', 'WF'),
(237, 1, 'Western Sahara', 'EH'),
(238, 3, 'Yemen', 'YE'),
(239, 4, 'Yugoslavia', 'YU'),
(240, 1, 'Zaire', 'ZR'),
(241, 1, 'Zambia', 'ZM'),
(242, 1, 'Zimbabwe', 'ZW');

-- --------------------------------------------------------

--
-- Estructura de tabla para la tabla `gene`
--

CREATE TABLE IF NOT EXISTS `gene` (
  `idgene` int(11) NOT NULL,
  `microorganism_idmicroorganism` int(11) NOT NULL,
  `name` varchar(45) NOT NULL,
  `description` text NOT NULL
) ENGINE=InnoDB AUTO_INCREMENT=3 DEFAULT CHARSET=latin1;

--
-- Volcado de datos para la tabla `gene`
--

INSERT INTO `gene` (`idgene`, `microorganism_idmicroorganism`, `name`, `description`) VALUES
(1, 1, 'E1', 'The viral spike proteins facilitate attachment to cell surfaces and viral entry into the cells. The E1 envelope protein is a class II fusion protein that mediates low pH-triggered membrane fusion during virus infection.'),
(2, 1, 'E2', 'Description');

-- --------------------------------------------------------

--
-- Estructura de tabla para la tabla `microorganism`
--

CREATE TABLE IF NOT EXISTS `microorganism` (
  `idmicroorganism` int(11) NOT NULL,
  `type_idtype` int(11) NOT NULL,
  `name` varchar(45) NOT NULL,
  `desciption` text NOT NULL
) ENGINE=InnoDB AUTO_INCREMENT=2 DEFAULT CHARSET=latin1;

--
-- Volcado de datos para la tabla `microorganism`
--

INSERT INTO `microorganism` (`idmicroorganism`, `type_idtype`, `name`, `desciption`) VALUES
(1, 1, 'Chikungunya', 'Chikungunya virus (CHIKV) is an arbovirus (arthropod-borne virus) which is a member of the Alphavirus genus belonging to the Togaviridae family, vectored by Aedes mosquitoes to humans in tropical and subtropical regions of Africa and Asia. CHIKV has a single-stranded, positive-sense RNA genome of 12 kb and causes chikungunya fever (CHIK), a febrile illness associated with severe arthralgia and rash; the name is derived from a Bantu language word describing the severe arthriticsigns,which can persist for years. CHIKV is transmitted to humans mainly by Aedes (Ae.) aegypti and Ae. albopictus mosquitoes.\nThe phylogenetic analysis of CHIKV  based on E1  gene sequences identified three geographically associated genotypes: the West African (WAf), East/Central/South African (ECSA), and Asian genotypes. More recent analyses indicate that the recent Indian Ocean and Indian strains form a monophyletic group within the ECSA lineage. However, most CHIKV phylogenetic studies have utilized only partial sequences from the envelope glycoprotein E1 gene, preventing arobust assessment of some of the relationships among strains and of their evolutionary dynamics.');

-- --------------------------------------------------------

--
-- Estructura de tabla para la tabla `ref_sequence`
--

CREATE TABLE IF NOT EXISTS `ref_sequence` (
  `idref_sequence` int(11) NOT NULL,
  `gene_idgene` int(11) NOT NULL,
  `country_idcountry` int(11) NOT NULL,
  `name` varchar(45) NOT NULL,
  `year` varchar(45) NOT NULL,
  `genotype` varchar(45) NOT NULL,
  `sequence` text NOT NULL
) ENGINE=InnoDB AUTO_INCREMENT=4 DEFAULT CHARSET=latin1;

--
-- Volcado de datos para la tabla `ref_sequence`
--

INSERT INTO `ref_sequence` (`idref_sequence`, `gene_idgene`, `country_idcountry`, `name`, `year`, `genotype`, `sequence`) VALUES
(1, 1, 158, 'HM045807  ', '1965', 'West African ', 'TACGAACACGTAACAGTGATCCCGAACACGGTGGGAGTACCGTATAAGACTCTTGTCAACAGACCGGGTTACAGCCCCATGGTATTGGAGATGGAGCTACAATCGGTCACCTTGGAACCAACACTGTCACTTGACTACATCACGTGCGAGTACAAAACTGTCATCCCCTCCCCGTACGTGAAGTGCTGTGGTACAGCAGAGTGCAAGGACAAGAGCCTACCAGACTACAGCTGCAAGGTCTTTACTGGAGTCTACCCATTTATGTGGGGCGGCGCCTACTGCTTTTGCGACGCCGAAAATACGCAATTGAGCGAGGCACATGTAGAGAAATCTGAATCTTGCAAAACAGAGTTTGCATCGGCCTACAGAGCCCACACCGCATCGGCGTCGGCGAAGCTCCGCGTCCTTTACCAAGGAAACAACATTACTGTAGCTGCCTACGCTAACGGCGACCATGCCGTCACAGTAAAGGACGCCAAGTTTGTCGTGGGACCAATGTCCTCCGCCTGGACACCTTTTGACAACAAAATCGTGGTGTACAAAGGCGACGTCTACAACATGGACTACCCACCTTTTGGCGCAGGAAGACCAGGACAATTTGGTGACATTCAAAGTCGTACACCGGAAAGTAAAGACGTTTATGCCAACACTCAGTTGGTACTACAGAGGCCAGCAGCAGGCACGGTACATGTACCATACTCTCAGGCACCATCTGGCTTCAAGTATTGGCTGAAGGAACGAGGAGCATCGCTACAGCACACGGCACCGTTCGGTTGCCAGATTGCGACAAACCCGGTAAGAGCTGTAAATTGCGCTGTGGGGAACATACCAATTTCCATCGACATACCGGATGCGGCCTTTACTAGGGTTGTCGATGCACCCTCTGTAACGGACATGTCATGCGAAGTACCAGCCTGCACTCACTCCTCCGACTTTGGGGGCGTCGCCATCATCAAATATACAGCTAGCAAGAAAGGTAAATGTGCAGTACATTCGATGACCAACGCCGTTACCATTCGAGAAGCCGACGTAGAAGTAGAGGGGAATTCCCAGCTGCAAATATCCTTCTCAACAGCCTTGGCAAGCGCCGAGTTTCGCGTGCAAGTGTGCTCCACACAAGTACACTGCGCAGCCGCATGCCACCCTCCAAAGGACCACATAGTCAATTACCCAGCATCACACACCACCCTTGGGGTCCAGGATATATCCACAACGGCAATGTCTTGGGTGCAGAAGATTACGGGAGGAGTAGGATTAATTGTTGCTGTTGCTGCCTTAATTTTAATTGTGGTGCTATGCGTGTCGTTTAGCAGGCACTAA'),
(2, 1, 213, 'HM045810 ', '1958', 'Asian', 'TACGAACACGTAACAGTGATCCCGAACACGGTGGGAGTACCGTATAAGACTCTAGTCAACAGACCGGGCTACAGCCCCATGGTACTGGAGATGGAGCTTCTGTCAGTCACTTTGGAGCCAACGCTATCGCTTGATTACATCACGTGCGAGTATAAAACCGTCATCCCGTCTCCGTACGTGAAATGCTGCGGTACAGCAGAGTGCAAGGACAAGAGCCTACCTGATTACAGCTGTAAGGTCTTCACCGGCGTCTACCCATTCATGTGGGGCGGCGCCTACTGCTTCTGCGACACTGAAAATACGCAATTGAGCGAAGCACATGTGGAGAAGTCCGAATCATGCAAAACAGAATTTGCATCAGCATATAGGGCTCATACCGCATCCGCATCAGCTAAGCTCCGCGTCCTTTACCAAGGAAATAATGTTACTGTATCTGCCTATGCAAACGGCGACCATGCCGTCACAGTTAAGGACGCTAAATTCATTGTGGGGCCAATGTCTTCAGCCTGGACACCTTTCGACAATAAAATCGTGGTGTACAAAGGCGACGTCTACAACATGGACTACCCGCCCTTCGGCGCAGGAAGACCAGGACAGTTTGGCGACATCCAAAGTCGCACGCCTGAGAGCGAAGACGTCTATGCTAACACACAACTGGTACTGCAGAGACCGTCCGCGGGTACGGTGCACGTGCCGTACTCTCAGGCACCATCTGGCTTCAAGTATTGGCTAAAAGAACGAGGGGCGTCGCTGCAGCACACAGCACCATTTGGCTGTCAAATAGCAACAAACCCGGTAAGAGCGATGAACTGCGCCGTAGGGAACATGCCTATCTCCATCGACATACCGGACGCGGCCTTCACTAGGGTCGTCGACGCGCCATCTTTAACGGACATGTCGTGTGAGGTACCAGCCTGCACCCATTCCTCAGACTTTGGGGGCGTAGCCATCATTAAATATGCAGCCAGCAAGAAAGGCAAGTGTGCGGTGCATTCGATGACTAACGCCGTCACTATTCGGGAAGCTGAAATAGAAGTAGAAGGGAACTCTCAGTTGCAAATCTCTTTTTCGACGGCCCTAGCCAGCGCCGAATTCCGCGTACAAGTCTGTTCTACACAAGTACACTGTGCAGCCGAGTGCCATCCACCGAAAGACCATATAGTCAATTACCCGGCGTCACACACCACCCTCGGGGTCCAAGACATTTCCGCTACGGCGATGTCATGGGTGCAGAAGATCACGGGAGGTGTGGGACTGGTTGTCGCTGTTGCAGCACTGATCCTAATCGTGGTGCTATGCGTGTCGTTTAGCAGGCACTAA'),
(3, 1, 212, 'HM045811-Ross', '1953', 'East-Central-South-African', 'TACGAACACGTAACAGTGATCCCGAACACGGTGGGAGTACCGTATAAGACTCTAGTCAACAGACCGGGCTACAGCCCCATGGTACTGGAGATGGAGCTACTGTCAGTCACTTTGGAGCCAACGCTATCGCTTGATTACATCACGTGCGAGTACAAAACCGTCATCCCGTCTCCGTACGTGAAATGCTGCGGTACAGCAGAGTGCAAGGACAAAAACCTACCTGACTACAGCTGTAAGGTCTTCACCGGCGTCTACCCATTTATGTGGGGCGGCGCCTACTGCTTCTGCGACGCTGAAAACACGCAATTGAGCGAAGCACATGTGGAGAAGTCCGAATCATGCAAAACAGAATTTGCATCAGCATACAGGGCTCATACCGCATCCGCATCAGCTAAGCTCCGCGTCCTTTACCAAGGAAATAACATCACTGTAACTGCCTATGCAAACGGCGACCATGCCGTCACAGTTAAGGACGCCAAATTCATTGTGGGGCCAATGTCTTCAGCCTGGACACCTTTCGACAACAAAATCGTGGTGTACAAAGGTGACGTTTACAACATGGACTACCCGCCCTTTGGCGCAGGAAGACCAGGACAATTTGGCGATATCCAAAGTCGCACGCCTGAGAGCAAAGACGTCTATGCTAACACACAACTGGTACTGCAGAGACCGGCTGCGGGTACGGTACACGTGCCATACTCTCAGGCACCATCTGGCTTTAAGTATTGGTTAAAAGAACGAGGGGCGTCGCTACAGCACACAGCACCATTTGGCTGCCAAATAGCAACAAACCCGGTAAGAGCGATGAACTGCGCCGTAGGGAACATGCCCATCTCCATCGACATACCGGATGCGGCCTTCACTAGGGTCGTCGACGCGCCCTCTTTAACGGACATGTCATGCGAGGTACCAGCCTGCACCCATTCCTCAGACTTTGGGGGCGTCGCCATTATTAAGTATGCAGCCAGCAAGAAAGGCAAGTGTGCGGTGCATTCGATGACCAACGCCGTCACTATCCGGGAAGCTGAGATAGAAGTTGAAGGGAATTCTCAGCTGCAAATCTCTTTCTCGACGGCCTTGGCCAGCGCCGAATTCCGCGTACAAGTCTGTTCTACACAAGTACACTGTGCAGCCGAGTGCCACCCTCCGAAGGACCACATAGTCAACTACCCGGCGTCACATACCACCCTCGGGGTCCAGGACATTTCCGCTACGGCGATGTCATGGGTGCAGAAGATCACGGGAGGTGTGGGACTGGTTGTCGCTGTTGCAGCACTGATTCTAATCGTGGTGCTATGCGTGTCGTTCAGCAGGCACTAA');

-- --------------------------------------------------------

--
-- Estructura de tabla para la tabla `type`
--

CREATE TABLE IF NOT EXISTS `type` (
  `idtype` int(11) NOT NULL,
  `name` varchar(45) NOT NULL
) ENGINE=InnoDB AUTO_INCREMENT=2 DEFAULT CHARSET=latin1;

--
-- Volcado de datos para la tabla `type`
--

INSERT INTO `type` (`idtype`, `name`) VALUES
(1, 'Virus');

-- --------------------------------------------------------

--
-- Estructura de tabla para la tabla `user`
--

CREATE TABLE IF NOT EXISTS `user` (
  `iduser` int(11) NOT NULL,
  `name` varchar(45) NOT NULL,
  `institution` varchar(45) NOT NULL,
  `country` varchar(45) NOT NULL,
  `mail` varchar(45) NOT NULL,
  `date` varchar(45) NOT NULL
) ENGINE=InnoDB DEFAULT CHARSET=latin1;

--
-- Índices para tablas volcadas
--

--
-- Indices de la tabla `alt_sequence`
--
ALTER TABLE `alt_sequence`
  ADD PRIMARY KEY (`idalt_sequence`,`gene_idgene`,`country_idcountry`), ADD KEY `fk_sequences_gene1_idx` (`gene_idgene`), ADD KEY `fk_sequences_country1_idx` (`country_idcountry`);

--
-- Indices de la tabla `continent`
--
ALTER TABLE `continent`
  ADD PRIMARY KEY (`idcontinent`);

--
-- Indices de la tabla `country`
--
ALTER TABLE `country`
  ADD PRIMARY KEY (`idcountry`,`continent_idcontinent`), ADD KEY `fk_country_continent1_idx` (`continent_idcontinent`);

--
-- Indices de la tabla `gene`
--
ALTER TABLE `gene`
  ADD PRIMARY KEY (`idgene`,`microorganism_idmicroorganism`), ADD KEY `fk_gene_microorganism1_idx` (`microorganism_idmicroorganism`);

--
-- Indices de la tabla `microorganism`
--
ALTER TABLE `microorganism`
  ADD PRIMARY KEY (`idmicroorganism`,`type_idtype`), ADD KEY `fk_microorganisms_type1_idx` (`type_idtype`);

--
-- Indices de la tabla `ref_sequence`
--
ALTER TABLE `ref_sequence`
  ADD PRIMARY KEY (`idref_sequence`,`gene_idgene`,`country_idcountry`), ADD KEY `fk_ref_sequences_gene1_idx` (`gene_idgene`), ADD KEY `fk_ref_sequence_country1_idx` (`country_idcountry`);

--
-- Indices de la tabla `type`
--
ALTER TABLE `type`
  ADD PRIMARY KEY (`idtype`);

--
-- Indices de la tabla `user`
--
ALTER TABLE `user`
  ADD PRIMARY KEY (`iduser`);

--
-- AUTO_INCREMENT de las tablas volcadas
--

--
-- AUTO_INCREMENT de la tabla `alt_sequence`
--
ALTER TABLE `alt_sequence`
  MODIFY `idalt_sequence` int(11) NOT NULL AUTO_INCREMENT,AUTO_INCREMENT=44;
--
-- AUTO_INCREMENT de la tabla `continent`
--
ALTER TABLE `continent`
  MODIFY `idcontinent` int(11) NOT NULL AUTO_INCREMENT,AUTO_INCREMENT=6;
--
-- AUTO_INCREMENT de la tabla `country`
--
ALTER TABLE `country`
  MODIFY `idcountry` int(11) NOT NULL AUTO_INCREMENT,AUTO_INCREMENT=243;
--
-- AUTO_INCREMENT de la tabla `gene`
--
ALTER TABLE `gene`
  MODIFY `idgene` int(11) NOT NULL AUTO_INCREMENT,AUTO_INCREMENT=3;
--
-- AUTO_INCREMENT de la tabla `microorganism`
--
ALTER TABLE `microorganism`
  MODIFY `idmicroorganism` int(11) NOT NULL AUTO_INCREMENT,AUTO_INCREMENT=2;
--
-- AUTO_INCREMENT de la tabla `ref_sequence`
--
ALTER TABLE `ref_sequence`
  MODIFY `idref_sequence` int(11) NOT NULL AUTO_INCREMENT,AUTO_INCREMENT=4;
--
-- AUTO_INCREMENT de la tabla `type`
--
ALTER TABLE `type`
  MODIFY `idtype` int(11) NOT NULL AUTO_INCREMENT,AUTO_INCREMENT=2;
--
-- AUTO_INCREMENT de la tabla `user`
--
ALTER TABLE `user`
  MODIFY `iduser` int(11) NOT NULL AUTO_INCREMENT;
--
-- Restricciones para tablas volcadas
--

--
-- Filtros para la tabla `alt_sequence`
--
ALTER TABLE `alt_sequence`
ADD CONSTRAINT `fk_sequences_country1` FOREIGN KEY (`country_idcountry`) REFERENCES `country` (`idcountry`) ON DELETE NO ACTION ON UPDATE NO ACTION,
ADD CONSTRAINT `fk_sequences_gene1` FOREIGN KEY (`gene_idgene`) REFERENCES `gene` (`idgene`) ON DELETE NO ACTION ON UPDATE NO ACTION;

--
-- Filtros para la tabla `country`
--
ALTER TABLE `country`
ADD CONSTRAINT `fk_country_continent1` FOREIGN KEY (`continent_idcontinent`) REFERENCES `continent` (`idcontinent`) ON DELETE NO ACTION ON UPDATE NO ACTION;

--
-- Filtros para la tabla `gene`
--
ALTER TABLE `gene`
ADD CONSTRAINT `fk_gene_microorganism1` FOREIGN KEY (`microorganism_idmicroorganism`) REFERENCES `microorganism` (`idmicroorganism`) ON DELETE NO ACTION ON UPDATE NO ACTION;

--
-- Filtros para la tabla `microorganism`
--
ALTER TABLE `microorganism`
ADD CONSTRAINT `fk_microorganisms_type1` FOREIGN KEY (`type_idtype`) REFERENCES `type` (`idtype`) ON DELETE NO ACTION ON UPDATE NO ACTION;

--
-- Filtros para la tabla `ref_sequence`
--
ALTER TABLE `ref_sequence`
ADD CONSTRAINT `fk_ref_sequence_country1` FOREIGN KEY (`country_idcountry`) REFERENCES `country` (`idcountry`) ON DELETE NO ACTION ON UPDATE NO ACTION,
ADD CONSTRAINT `fk_ref_sequences_gene1` FOREIGN KEY (`gene_idgene`) REFERENCES `gene` (`idgene`) ON DELETE NO ACTION ON UPDATE NO ACTION;

/*!40101 SET CHARACTER_SET_CLIENT=@OLD_CHARACTER_SET_CLIENT */;
/*!40101 SET CHARACTER_SET_RESULTS=@OLD_CHARACTER_SET_RESULTS */;
/*!40101 SET COLLATION_CONNECTION=@OLD_COLLATION_CONNECTION */;
